AAACACCAATAACTGC-1,1
AAACCTCATGAAGTTG-1,1
AAACTTAATTGCACGC-1,1
AAAGACTGGGCGCTTT-1,1
AAATAGCTTAGACTTT-1,1
AAATGATTCGATCAGC-1,1
AAATTCCAGGTCCAAA-1,1
AAATTTGCGGGTGTGG-1,1
AACAACTGGTAGTTGC-1,1
AACAGGAAATCGAATA-1,1
AACCAAGACTTCTCTG-1,1
AACCATGGGATCGCTA-1,1
AACCCGAGCAGAATCG-1,1
AACCGTTGTGTTTGCT-1,1
AACGATAGAAGGGCCG-1,1
AACGCATGATCTGGGT-1,1
AACGTACTGTGGGTAC-1,1
AACGTGCGAAAGTCTC-1,1
AACTACCCGTTTGTCA-1,1
AACTCAAGTTAATTGC-1,1
AACTCTCAATAGAGCG-1,1
AACTGATATTAGGCCT-1,1
AACTTGCCCGTATGCA-1,1
AAGAAGGATCAGTTAG-1,1
AAGACCCAACTGAACA-1,1
AAGCTAGATCGAGTAA-1,1
AAGGCGCGTAAAGCTT-1,1
AAGGGACTATGCATTC-1,1
AAGGTATCCTAATATA-1,1
AAGTAGAAGACCGGGT-1,1
AAGTCAATTGTCGTCA-1,1
AAGTGAGTCGGGTTTA-1,1
AAGTGCTTCTCTATTG-1,1
AAGTTCACTCCAAGCT-1,1
AAGTTCGGCCAACAGG-1,1
AATACCGGAGGGCTGT-1,1
AATAGTCCGTCCCGAC-1,1
AATATCGAGGGTTCTC-1,1
AATCAGGTTTCATTTA-1,1
AATCGCCTCAGCGCCA-1,1
AATCTCTACTGTGGTT-1,1
AATGACTGTCAGCCGG-1,1
AATGATGATACGCTAT-1,1
AATGCAACCGGGTACC-1,1
AATGCACCAAGCAATG-1,1
AATGTATGGCACTGTA-1,1
AATGTGCTAATCTGAG-1,1
AATTAAAGGTCGGCGT-1,1
AATTCATAAGGGATCT-1,1
AATTGCGTGGATTACA-1,1
ACAAACCATGCGTCCT-1,1
ACAAGGGCAGGCTCTG-1,1
ACAATCCATTTAAACC-1,1
ACACCCGAGAAATCCG-1,1
ACACCTTACTACTTGC-1,1
ACACTGGGACAGTCGT-1,1
ACAGTAATACAACTTG-1,1
ACAGTATACCGTGGGA-1,1
ACCCAACGCCCGTGGC-1,1
ACCCGGATGACGCATC-1,1
ACCCGGTTACACTTCC-1,1
ACCCTATGCCATATCG-1,1
ACCCTGGTAACGCCCT-1,1
ACCCTTCATCTGCGAA-1,1
ACCGAAGAGTCTGGTT-1,1
ACCGTGACCACGTGGG-1,1
ACGAGTACGGATGCCC-1,1
ACGATCATACATAGAG-1,1
ACGCGCTACACAGGGT-1,1
ACGGCTGGATGTAGAA-1,1
ACGGTCACCGAGAACA-1,1
ACGTTATTGGTCACTC-1,1
ACGTTCGTTCAGGAAA-1,1
ACGTTTAGTTGTGATC-1,1
ACTATCCAGGGCATGG-1,1
ACTATGTCCAGCTGCC-1,1
ACTCATGGCAGCCTTC-1,1
ACTCCAATATCATCAT-1,1
ACTCCCATTCCTAAAG-1,1
ACTCCCGAATTCGTTT-1,1
ACTCCCGTAGACTAGG-1,1
ACTCGCGATCTGACGC-1,1
ACTCGTAACCCGTCCT-1,1
ACTCTCTGACTTAGGT-1,1
ACTCTTGTATAGTAAC-1,1
ACTGCCCGCCATTCTC-1,1
ACTGTACGATACACAT-1,1
ACTGTAGCACTTTGGA-1,1
ACTGTATACGCGAGCA-1,1
ACTGTCCAGGATTATA-1,1
ACTTACGCATCCACGC-1,1
ACTTATACTTACCCGG-1,1
ACTTCGCCATACGCAC-1,1
ACTTCGCTAGCGAGTG-1,1
ACTTGGGACCCGGTGG-1,1
ACTTGTGGATGGAACG-1,1
ACTTTACCCTCATGAA-1,1
ACTTTGACTGCATCCT-1,1
ACTTTGGTCGTGCTCC-1,1
AGAAATTATGACTCGC-1,1
AGAAGTGATTCGTGAT-1,1
AGACAGCTCAGAATCC-1,1
AGACCCACCGCTGATC-1,1
AGACCGCTCCGCGGTT-1,1
AGACTGTTACCGGGTC-1,1
AGAGAACCGTCTAGGA-1,1
AGAGAAGGAGTACAAT-1,1
AGATACCAATAGAACC-1,1
AGATACCGGTGTTCAC-1,1
AGATCTCAGGTGTGAT-1,1
AGATGAGGGTTGCGAT-1,1
AGCAACATATCTTATT-1,1
AGCACCAGTACTCACG-1,1
AGCACTACCGGCCTGT-1,1
AGCACTTAAGGACGCC-1,1
AGCAGCCAGATGAATA-1,1
AGCATATCAATATGCT-1,1
AGCGCGGGTGCCAATG-1,1
AGCGCTAGAGCGATGT-1,1
AGCGTGGTATTCTACT-1,1
AGCTAACAAGCAATGT-1,1
AGCTCTAGACGTTCCA-1,1
AGCTCTTCCCAGTGCA-1,1
AGCTCTTTACTCAGTT-1,1
AGCTGAAGTAAACCAA-1,1
AGCTTGATCTTAACTT-1,1
AGGATATAGGGATTTA-1,1
AGGGCGTGATCGGCTA-1,1
AGGGTCAGAGCACTCG-1,1
AGGGTCGATGCGAACT-1,1
AGGGTGCCGTTCTTTA-1,1
AGGGTTTAGTTCGGGA-1,1
AGGTAACCTCCTATTC-1,1
AGGTATGCGGACATTA-1,1
AGGTCAGGTGAGAGTG-1,1
AGGTCGCGGAGTTACT-1,1
AGGTGTATCGCCATGA-1,1
AGTAATTTGCAAGCGT-1,1
AGTACGGCCCGTATCG-1,1
AGTACGGGCACCTGGC-1,1
AGTAGGAAGGAAGTTG-1,1
AGTATACACAGCGACA-1,1
AGTATGCTGGAGACCA-1,1
AGTCCATTGGCTGATG-1,1
AGTCCCTCGCAGAAAG-1,1
AGTCTAAAGTATACTC-1,1
AGTCTCACAAGACTAC-1,1
AGTCTTCTCCTCAAAT-1,1
AGTGAACAAACTTCTC-1,1
AGTGAAGATGGTGTCC-1,1
AGTGCTAAACACAGCA-1,1
AGTGGCGGCAATTTGA-1,1
AGTGTGCTAAGATCGC-1,1
AGTGTGGTCTATTGTG-1,1
AGTTAAGCGGTCCCGG-1,1
AGTTACCGCACATGGT-1,1
AGTTACTCTATCGTGG-1,1
AGTTGACATCGGCTGG-1,1
AGTTTATGTAAAGACA-1,1
ATAAGTTACCGCGACG-1,1
ATACAGGCCCTCCAAT-1,1
ATACCAGGCTAATAGA-1,1
ATACGAAGGCTTTCCA-1,1
ATACGGTGAAGATGCA-1,1
ATACTACCCGTACCAC-1,1
ATACTTGTTCTCGAGC-1,1
ATAGACAACGGGACCT-1,1
ATAGACGAAGAGAAAG-1,1
ATAGAGTACTGGGACA-1,1
ATAGGCTAGCTTCGCA-1,1
ATAGGTTGGGCAGATG-1,1
ATAGTGAAGCGTTCTC-1,1
ATATCAACCTACAGAG-1,1
ATATCGGTAGGGAGAT-1,1
ATATCTCCCTCGTTAA-1,1
ATATTCCACATAGTGA-1,1
ATATTCCCACAGGTCA-1,1
ATCACATTAGAATATC-1,1
ATCAGCCTCATGCTGC-1,1
ATCAGGTAGCTGACAG-1,1
ATCAGTAGGCAGGGAT-1,1
ATCATGGACTACCGAC-1,1
ATCCAGGATTCGTGAA-1,1
ATCCCATCCACAGCGC-1,1
ATCCTTCTGAAAGAAC-1,1
ATCGACTCTTTCCGTT-1,1
ATCGCCAGTCAACATT-1,1
ATCGTTAGCTAGCGGA-1,1
ATCTGATAGTGTCTTA-1,1
ATCTGGTTAAGACTGT-1,1
ATCTTGACTTGTCCAA-1,1
ATGAAGCCAAGGAGCC-1,1
ATGAGGAGTGTTAATC-1,1
ATGATGCAATGGTACA-1,1
ATGCACCTTCCTTAAT-1,1
ATGCACGCGCTGTTCA-1,1
ATGCACTACCGCATTG-1,1
ATGCCAATCGCTCTGC-1,1
ATGCCGGTCTTGCATA-1,1
ATGGCAGCATTACGAT-1,1
ATGGGACCTGCTGAAC-1,1
ATGGTATTTACTGATT-1,1
ATGTTCGTCGACCCAC-1,1
ATTAAACATGCGGACC-1,1
ATTACGCGCTGGCAGG-1,1
ATTACTAGCCTCTTGC-1,1
ATTACTTACTGGGCAT-1,1
ATTATGCCATAGGGAG-1,1
ATTCCTCCGCCAGTGC-1,1
ATTCCTTCCAGGCGGT-1,1
ATTGACCGGCGATGAC-1,1
ATTGCCTATTAGACCG-1,1
ATTGTCGCAATACCTT-1,1
ATTTAACTCGTATTAC-1,1
ATTTGCGCGAGTAGCT-1,1
CAAACGGTCGCACTTT-1,1
CAAAGATTATTGGGCC-1,1
CAAATCTCTCACAAGG-1,1
CAAATTGGATTATGCC-1,1
CAACCTACCGAGCAGT-1,1
CAACCTGAACCTGCCA-1,1
CAACGACCCGTTTACA-1,1
CAACGGTTCTTGATAC-1,1
CAATAAACCTTGGCCC-1,1
CAATACGAGAGTCTGA-1,1
CAATGTGCCAACCCTT-1,1
CACACAGGGATAGATT-1,1
CACACGCGCTGTCTTA-1,1
CACAGAGACGAGGACG-1,1
CACCACGCCACACAGA-1,1
CACCCAAATCTTATGT-1,1
CACCCGGTTTGTGACT-1,1
CACCGCCAGAAGGTTT-1,1
CACCTCGATGGTGGAC-1,1
CACCTTGCGAAACTCG-1,1
CACGAAAGTTAGTCCC-1,1
CACGCACAGCGCAGCT-1,1
CACGTCGGCAACCTCT-1,1
CACGTTCGTGCTCTAG-1,1
CACTACGGGAGCTGCC-1,1
CACTCGGTTAGGAGGA-1,1
CACTTCGCCACAGGCT-1,1
CAGAGACGGTCACCCA-1,1
CAGATACTAACATAGT-1,1
CAGATCATTTAAAGTC-1,1
CAGATCCTGGTTTGAA-1,1
CAGCCTCTCCTCAAGA-1,1
CAGCGATTCCCTTCAA-1,1
CAGCTCGACAAGTTAA-1,1
CAGCTGGCGTAACCGT-1,1
CAGCTTAGTAGGTAGC-1,1
CAGGACAGCTGCCCTT-1,1
CAGGCCGTTTGGGTGT-1,1
CAGGCGCACGGTGGTC-1,1
CAGTAATCCCTCCCAG-1,1
CAGTACATTCTCTAAA-1,1
CAGTACCAGTTTACGT-1,1
CAGTCGAGGATGCAAT-1,1
CAGTGGTTGCACATGA-1,1
CATAGCCGCCCGGGAT-1,1
CATAGCGTTGCCCACC-1,1
CATATGTCAGGCTACG-1,1
CATCCAATATAGTTTG-1,1
CATCCTCTCAAAGATC-1,1
CATCGCCCGCGGCCAA-1,1
CATCGGACGGGTTAAT-1,1
CATCTAGTGAAGGGAA-1,1
CATGCCAACTCGCAAA-1,1
CATGCGTTAGACAGAA-1,1
CATGGGTCGGGTGTGG-1,1
CATGGTCTAGATACCG-1,1
CATTACATAGATTGTG-1,1
CATTACGTCGGCCCGT-1,1
CATTTAGCGGACCATG-1,1
CCAAAGCAGTTGGTTG-1,1
CCAACCTTATGTAACT-1,1
CCAAGAAAGTGGGCGA-1,1
CCAAGGAACAGAGAGG-1,1
CCACAATGTACGTCTT-1,1
CCACAGCTGAAATCAT-1,1
CCACATACTGCACCCA-1,1
CCACCAACTTTACTGT-1,1
CCACGAATTTAACCTC-1,1
CCACTATCCGGGTCAC-1,1
CCAGATAGTTGAGTGA-1,1
CCAGCGGGATCACCAG-1,1
CCAGGGACGTGGCCTC-1,1
CCAGTAGTCTGATCCA-1,1
CCATAGGTTGGCGTGG-1,1
CCATCGCAGTTAAACT-1,1
CCATGCCCTAGATTTC-1,1
CCCAAACATGCTGCTC-1,1
CCCAATGAGATTTGCA-1,1
CCCGATAGCCTCGCCT-1,1
CCCGGTGTATCGGAAT-1,1
CCCGTTTCGCAGATGT-1,1
CCCTATGTAGAGCAGA-1,1
CCCTGCCCAATCCGCT-1,1
CCGAAGCATTGACCAA-1,1
CCGAAGGGCGTACCGC-1,1
CCGAGCTGTGCTTGTC-1,1
CCGATTCGAGGGACCC-1,1
CCGCCGGAACTTCTCG-1,1
CCGCGATTTGGTAGGT-1,1
CCGGCGCATATTGGAT-1,1
CCGGGCGGTCTCGTCA-1,1
CCGGGCTAAGAATTTC-1,1
CCGGGTTCGAGGTTAC-1,1
CCGGTAATGGCTAGTC-1,1
CCGTATCTCGTCGTAG-1,1
CCGTCAACCTCTGGCG-1,1
CCGTGAGGCATTCATG-1,1
CCGTTACGTTAGAACA-1,1
CCTAAATTGTATCCTA-1,1
CCTAACTAAGGCTCTA-1,1
CCTACATTCACAGACG-1,1
CCTAGGCGTAGCGATC-1,1
CCTATACCGTCCTGTC-1,1
CCTATATCGTGTCACG-1,1
CCTATCTATATCGGAA-1,1
CCTATGGCTCCTAGTG-1,1
CCTCACCTTAGCATCG-1,1
CCTCCTGAGCCCACAT-1,1
CCTCCTGTTGTGTCGT-1,1
CCTCGCGCGATATAGG-1,1
CCTCGGACCGGGATAG-1,1
CCTCTCTCCCATCTAG-1,1
CCTGAATATTTACATA-1,1
CCTGCCCGTTGTCTAG-1,1
CCTGTAAGACATGATA-1,1
CCTGTTTGAAGACACG-1,1
CCTTCCGCAACGCTGC-1,1
CCTTTAAGGGAGCACT-1,1
CGAAACGCAATTCATG-1,1
CGAAGCTATAAATTCA-1,1
CGAAGTTGCTCTGTGT-1,1
CGACAATTTGATCTAA-1,1
CGACACGCTCCGACAG-1,1
CGACAGTTCGCGTTAT-1,1
CGACTTTGTATAGCCT-1,1
CGAGATTTCGCTCGGG-1,1
CGAGCACTTCAAGTTT-1,1
CGAGCTGGGCTTTAGG-1,1
CGAGGATCGGGAACGA-1,1
CGAGGGTATCCAGGTG-1,1
CGAGTACTAAAGAGGA-1,1
CGAGTTCTGTCCCACC-1,1
CGATATTAGCCGCAGG-1,1
CGATCCGACCCAGTGC-1,1
CGATCCTCGCAACATA-1,1
CGCAATTAGGGTAATA-1,1
CGCCAAGAAGCCGAGT-1,1
CGCCGTCTACCCATCG-1,1
CGCGGGAATTAGGCAG-1,1
CGCGGTCACAAACCAA-1,1
CGCTGTGACGCCGCAC-1,1
CGCTTATTCCCGGTCG-1,1
CGCTTTCTTGCATTCG-1,1
CGGAAAGAATCAAACG-1,1
CGGACGTTACTTGAAG-1,1
CGGAGTTTGAGAGACA-1,1
CGGCAATAAGATCGCC-1,1
CGGCACTCAAGAAAGT-1,1
CGGCCAGAGCGACCAT-1,1
CGGCCCAACCTGTAGT-1,1
CGGGAACGCCCTGCAT-1,1
CGGGCCTTCTTTGTAA-1,1
CGGTCAAGTGGGAACC-1,1
CGGTCTATCAACCCGT-1,1
CGGTGCAGATAGAACG-1,1
CGGTGTACTTGATCCC-1,1
CGGTTGAGTATCCTTC-1,1
CGTAATAATTACGAGT-1,1
CGTCAATCTTTAACAT-1,1
CGTCAGTGCGCACAAG-1,1
CGTCGCTTGGTTATAC-1,1
CGTCGGGTCTAAGCGC-1,1
CGTCTGGAAGGGCCCG-1,1
CGTGAAGTTAATTCAC-1,1
CGTGACATTGGGTCGT-1,1
CGTGCTTCTACCTAAA-1,1
CGTGGAAGCCTCGTAC-1,1
CGTGGCCGAATATCTA-1,1
CGTTCATGGTGCGCGT-1,1
CGTTGAGCGACCGTCG-1,1
CGTTGCCCGCGTGGGA-1,1
CGTTGTTTCAATTCCC-1,1
CTAAAGAATGCCTACT-1,1
CTAAAGGGAAATAGGA-1,1
CTAAATCCGGTGTACA-1,1
CTACCCTAAGGTCATA-1,1
CTACGATCCTATCCTA-1,1
CTACTATCATAGGTTT-1,1
CTACTCAAGGTATAGT-1,1
CTACTCTAGGCCCGGC-1,1
CTAGCCGATGTTATGA-1,1
CTATCGACGAAATACA-1,1
CTATGGGAAGCGGAAT-1,1
CTATGTCTATTGAAAC-1,1
CTATTTGGTTACGGAT-1,1
CTCAGTCACGACAAAT-1,1
CTCATCACTTAGTGAT-1,1
CTCCGCCCACATGAGG-1,1
CTCCGGCCTAATATGC-1,1
CTCCGGCTTGTAGACA-1,1
CTCCTAAGTTATGTCT-1,1
CTCCTTTACGCAAGTC-1,1
CTCGAGGTCGAACAGT-1,1
CTCGCACCTATATAGT-1,1
CTCGCATTGCATAGCC-1,1
CTCGGGATAACACCTA-1,1
CTCGGGTTCTCTGGCC-1,1
CTCGGTACCACTGCTC-1,1
CTCGTCGAGGGCTCAT-1,1
CTCTGCGAAGCAAGCA-1,1
CTGAATCCGAGACCTC-1,1
CTGCAAGCACGTTCCG-1,1
CTGCACCTAGTCCACA-1,1
CTGCAGAGAATCAGAG-1,1
CTGCGGGTGAAATGTT-1,1
CTGCGTTACGATATAA-1,1
CTGGAAGACACGGTGG-1,1
CTGGCGACATAAGTCC-1,1
CTGGGATAAATAATGG-1,1
CTGGGCCTGCTATATC-1,1
CTGGTTCGCGAGCTAC-1,1
CTGTTCACTGCCTGTG-1,1
CTTAGGTATAGACCAG-1,1
CTTATGTTGACTACCA-1,1
CTTCGTAGATAGGTGA-1,1
CTTCTATTAATGCTAG-1,1
CTTGAGTTAGGGTAAT-1,1
CTTGGCCAAGCTGGGA-1,1
CTTGTACTTGTTGACT-1,1
CTTGTCAACATTCGAG-1,1
CTTTAGGAACACTGTT-1,1
CTTTGGGATTGTTGCA-1,1
GAAACAGATGACCACC-1,1
GAAACCATGGTGCGCT-1,1
GAAACCTATACAAATG-1,1
GAAAGCAGTGCACTTT-1,1
GAAAGCCCTTTGGACC-1,1
GAAAGTGACTAACTGC-1,1
GAAATACTAAACGTTT-1,1
GAAATATCACCATCAG-1,1
GAACACACATCAACCA-1,1
GAACGACCGAATGATA-1,1
GAACGTCTCATGGTCG-1,1
GAACGTTAGGAAGACG-1,1
GAAGAAACGATATTGT-1,1
GAAGCTCGGACCCGTC-1,1
GAAGCTTGCTGACCGC-1,1
GAAGGCTACCATTGTT-1,1
GAATAGCCCTGCGGTC-1,1
GAATGCCGAAATGACC-1,1
GAATTATAGTGAAAGG-1,1
GAATTTCTCGCTGCAG-1,1
GACAACGACCATTGAA-1,1
GACCGACGTGAAAGCA-1,1
GACCGACTGAAGCGTC-1,1
GACGCCTGTTGCAGGG-1,1
GACGGGTTGGCCCGTA-1,1
GACGGTCCTAGGGTGT-1,1
GACTACAAAGCGGTGG-1,1
GACTCACCCACGTGAG-1,1
GACTCCCAGAATAAGG-1,1
GACTCGCGGGAATGAC-1,1
GACTGCACCAGCCCAG-1,1
GAGAGCGCAGTCCCTG-1,1
GAGATCTGCTTGGCAT-1,1
GAGATGACAATCCTTA-1,1
GAGCACCTGTGTCCAG-1,1
GAGCACGGCGCCTCTT-1,1
GAGCTAAGGGCATATC-1,1
GAGCTGTCGTCTCGGA-1,1
GAGGAGATCCTCATGC-1,1
GAGGGCATCGCGTATC-1,1
GAGGGTAGTAACAAAG-1,1
GAGTATACCCTAATCA-1,1
GAGTATGCCCGCCTTG-1,1
GAGTCCGCTTACCGGA-1,1
GATAAGGCAGATGCAA-1,1
GATAGGATTAATTACA-1,1
GATATGAGACACTAAC-1,1
GATCAACATAAAGGGA-1,1
GATCCGAATATAAGTG-1,1
GATCCTAAATCGGGAC-1,1
GATCGCGGGCTCTCCA-1,1
GATCGCTATATCTCAG-1,1
GATCGGATAGAACCAT-1,1
GATCGGCGATAAGTCG-1,1
GATCGGTGGCCATAAC-1,1
GATCTAACCGTATTCA-1,1
GATCTTGGAGGGCATA-1,1
GATCTTTGCAGGGTAT-1,1
GATGACGATGATCGCG-1,1
GATGCCAGCAGAAGGC-1,1
GATGCGTCCTGCATTC-1,1
GATGCTGTATTTCATC-1,1
GATGTTCAATCCACGA-1,1
GATGTTTGTGCGAGAT-1,1
GATTAACCGAAAGCCC-1,1
GATTACTGAATTTGGG-1,1
GCAAGAATTCCTTGGC-1,1
GCACGCCTACTTAGAT-1,1
GCACTAGTCGCGCTAT-1,1
GCAGATCCATAAGACT-1,1
GCAGATTAGGGATATC-1,1
GCAGCACACAGCCCAG-1,1
GCAGCGGTGGGCATTA-1,1
GCAGGTAGAGTATGGT-1,1
GCATGAGGGACGCGGC-1,1
GCCAACCATTTCCGGA-1,1
GCCAGGAGTAACCGAT-1,1
GCCATCGATGCTGCAT-1,1
GCCATTAGCCTCAAAC-1,1
GCCCACCAAGGCTGTC-1,1
GCCCGATCTGTGGTCG-1,1
GCCGAAATTCCTACGT-1,1
GCCGCACTCCGTTTCA-1,1
GCGACCCAACCATCTG-1,1
GCGAGAAACGGGAGTT-1,1
GCGAGAGTTGCGTCCA-1,1
GCGAGCGCATGCTCCC-1,1
GCGAGTTCTGCAAAGA-1,1
GCGATTGTTAACGTTA-1,1
GCGCAAGAGCGCGCTG-1,1
GCGCATCCAGTCAGCA-1,1
GCGCCTCCCACTCCGA-1,1
GCGCTAATTGAATAGA-1,1
GCGGACCGCGTTGTGG-1,1
GCGGCAAAGTATTGCC-1,1
GCGGTCCCTAGACGCA-1,1
GCGGTGAACTGCGCTC-1,1
GCGTCCCTAAGACATA-1,1
GCGTCGAAATGTCGGT-1,1
GCGTCGCCAGGGTGAT-1,1
GCGTCTAACCTCCTAA-1,1
GCTAAGTAAAGGCGAT-1,1
GCTAGAGTAGAGATGT-1,1
GCTAGTAGAGCTTGTA-1,1
GCTCAATGTAATACCG-1,1
GCTCCGCTCGCTTCAG-1,1
GCTCCTGACATACTGG-1,1
GCTCGGAATTTAAAGC-1,1
GCTGAGGCGTGAGTAT-1,1
GCTGCTACTGCGTAGC-1,1
GCTGTATTACTGGCCC-1,1
GCTTATGAAGCAGGAA-1,1
GCTTCCGTCCCTAGAC-1,1
GCTTCGACGTTCAATC-1,1
GGAAACCTTGTTGAAT-1,1
GGAACCGTGTAAATTG-1,1
GGACAAGTTGCAGTGA-1,1
GGACACAAGTTTACAC-1,1
GGACCTACGGTAACGT-1,1
GGACTCTTCCGGTTGA-1,1
GGAGACCATCTACATA-1,1
GGAGGCCGAAGTCGTC-1,1
GGATCTTACTGCCCTT-1,1
GGATGTCCTTACCGCA-1,1
GGCAAATTACTTTACT-1,1
GGCCGTTTGGGTTTCA-1,1
GGCCTTTGCAACTGGC-1,1
GGCGCGTTCGAGTTTA-1,1
GGCGGGCTCTAAGAGT-1,1
GGCGTCCTATCCGCTG-1,1
GGCTCGCGTTGAGGTA-1,1
GGGAACGGTTTCAGAT-1,1
GGGAATGAGCCCTCAC-1,1
GGGACCCGTATATCTT-1,1
GGGAGTTAATGAGGCG-1,1
GGGATTTACCGCACCT-1,1
GGGCCCTACGAAAGGG-1,1
GGGCGGTCCTATTGTC-1,1
GGGCTATGATCGATGG-1,1
GGGCTGCCTAGGGCGA-1,1
GGGTACCCACGGTCCT-1,1
GGGTACTTCATGAACT-1,1
GGGTATTCTAGCAAAC-1,1
GGGTCATGCGTACCAT-1,1
GGGTCCTTGGAAGAAG-1,1
GGTAACCGGGAGGATA-1,1
GGTACCATTAAGACGG-1,1
GGTAGACCGTTGGGCG-1,1
GGTCGGTAATTAGACA-1,1
GGTCGTAAGCTCGCAC-1,1
GGTCTGAGAATCTGGA-1,1
GGTCTTGAGCGCTCTT-1,1
GGTGATAAGGAGCAGT-1,1
GGTGATTTCATCTTGT-1,1
GGTGCATAAATGATTA-1,1
GGTGCTGGTACACATT-1,1
GGTTTAATTGAGCAGG-1,1
GTAACTGCCCAAGGAG-1,1
GTAATCTGATTCTTCG-1,1
GTACGAGATTGCGACA-1,1
GTACGCTTCATTGCAC-1,1
GTACTAAGATTTGGAG-1,1
GTACTCCTGGGTATGC-1,1
GTACTTGGGCACTTCT-1,1
GTAGACACGCCTGACT-1,1
GTAGCCAAACATGGGA-1,1
GTAGCGGCTATACACT-1,1
GTAGCTCCGGGAGGCT-1,1
GTAGTTCGAAGGCGAA-1,1
GTATAGGACTCAGTAG-1,1
GTATCTCGGGCGCTTT-1,1
GTATGACGTGGGAAAC-1,1
GTATTCTTACCGTGCT-1,1
GTCAAAGTTTACATAG-1,1
GTCAGTTTGGTAGTCG-1,1
GTCCCAACGTAAAGTA-1,1
GTCCGGCTGAATTGCG-1,1
GTCCTACGAATAGTCT-1,1
GTCGAATTTGGGCGCT-1,1
GTCGATAGGTGACTTT-1,1
GTCGCGTAACCCGTTG-1,1
GTCGTATTGGCGTACA-1,1
GTCTACTCAATTACAA-1,1
GTCTATCTGAGTTTCT-1,1
GTGAGATAACCTTATA-1,1
GTGATCCTTGTCATGA-1,1
GTGCAACAAATGTGGC-1,1
GTGCCTAGCTATGCTT-1,1
GTGGACCAACCCGATT-1,1
GTGGTATAGTCTGCCG-1,1
GTGGTGGCCAAGTGAA-1,1
GTTAAGTTAGAGTGGG-1,1
GTTACCTACAACTTGC-1,1
GTTATAATACGGTGAA-1,1
GTTATATCAGGAGCCA-1,1
GTTCGACAATTGTATA-1,1
GTTCGTCTGGGTCCCT-1,1
GTTGAACCGGTTCCAT-1,1
GTTGAGTCCCGCCGGT-1,1
GTTGGATTCAGTGGCT-1,1
GTTGTCGTGTTAGTTG-1,1
GTTTCCTGGAGGGTGA-1,1
GTTTGGCCCAAGTTAT-1,1
GTTTGGGCTTGTGAGC-1,1
TAAAGCGGTATTTCCA-1,1
TAACATACAATGTGGG-1,1
TAACTATTACGCCAAA-1,1
TAAGCAGGCGACACGC-1,1
TAAGGGCTGGGAGAGG-1,1
TAAGTTGCGACGTAGG-1,1
TAATAAACAAGGAGAT-1,1
TAATAGAACAGAGTTA-1,1
TAATAGCTAAATGATG-1,1
TAATAGGTCACCAGAA-1,1
TAATAGTGACGACCAG-1,1
TAATATTGAAATTCGC-1,1
TAATCGATCCGTACGT-1,1
TAATTAGGACATCCGT-1,1
TACATAGGCATACACC-1,1
TACCGCGGACTTGCAG-1,1
TACCTCACGCTTGTAC-1,1
TACCTCCACACCAATG-1,1
TACCTGCTGCACTGTG-1,1
TACGCCGAGGGTACCC-1,1
TACGTGCAAGGTTCCT-1,1
TACGTTTACCGGCAAT-1,1
TACTATGGTTCCTCAG-1,1
TACTGAACAGATTTAG-1,1
TACTGCAATCAATTAC-1,1
TACTTTACTGAGCCGG-1,1
TAGACGCCCGTACCGG-1,1
TAGAGCTACGAAGAAC-1,1
TAGAGTCTAAGCGAAC-1,1
TAGCTAGAAGGCATGA-1,1
TAGCTAGTGATGATGG-1,1
TAGCTGATGTGAAGCG-1,1
TAGGCGGCTGCAAAGA-1,1
TAGGGTGTTTCAAGAG-1,1
TAGGTCCAAGTAAGGA-1,1
TAGGTGAGCCCTACTC-1,1
TAGTACCTTAGTGGTC-1,1
TAGTCGATCACGGGTT-1,1
TAGTGTCAGAAACGGC-1,1
TATAAATCCACAAGCT-1,1
TATACGCGTCATCACT-1,1
TATAGCGCACGTTATC-1,1
TATATCATTGATCAGT-1,1
TATCAAAGGTCTGTAA-1,1
TATGGCTAGGCTAATT-1,1
TATGGTCTGAGTAACA-1,1
TATGTCTCATTGTGCC-1,1
TATTCCTCCGCCCACT-1,1
TATTTAGTCTAGATCG-1,1
TCAACAAAGATAATTC-1,1
TCAACACATTGGGTAA-1,1
TCAAGAAATACTAGCT-1,1
TCATCGATGGTCCCAA-1,1
TCCAACTTTAAATTCT-1,1
TCCAGAGCACCGGTTC-1,1
TCCCAAAGCCCTAAAT-1,1
TCCCACTCTCTTCCGG-1,1
TCCGAACGTTGCCGCT-1,1
TCCGACCGCTAATCAA-1,1
TCCGATGACTGAGCTC-1,1
TCCGATGGTGCGACAT-1,1
TCCGCTGTCATCCCGG-1,1
TCCGGTTCGTCCGGTC-1,1
TCCGTAACCACAATCC-1,1
TCCTAACCGTCGGGCA-1,1
TCCTCCTAAGACATTC-1,1
TCCTTTCTTACGCTTA-1,1
TCGAAATTTAGGACCA-1,1
TCGAATATCCCGCAGG-1,1
TCGAGACCAACACCGT-1,1
TCGCATCCCTAAGTGT-1,1
TCGCCGAAGTTGCGTC-1,1
TCGCGCGTTTACATGA-1,1
TCGCTAAACCGCTATC-1,1
TCGCTCGATATATTCC-1,1
TCGCTCGGCACCAGCG-1,1
TCGCTGGGCGGATTGT-1,1
TCGTATAGTGCAATTA-1,1
TCGTATTACCCATTGC-1,1
TCGTCAAGTACGCGCA-1,1
TCGTCCGCTGGCGTCT-1,1
TCGTCTTAGGCGTTAA-1,1
TCGTTAGGAGTCCCTA-1,1
TCGTTGCTATCCGGTC-1,1
TCTAATACTGCCTCAG-1,1
TCTCCCTGGGCAGCGT-1,1
TCTCTAATAGCTGGTA-1,1
TCTGACGGGCTAACCC-1,1
TCTGATCGGGTGCTAG-1,1
TCTGCCAGAAACTGCA-1,1
TCTGCGTCCGGTTTCT-1,1
TCTGGAGCGTAAGAGT-1,1
TCTGTGCCATCATAGT-1,1
TCTTAGAGCTCCAATT-1,1
TCTTCCCATGGGCACA-1,1
TCTTCGCGGTGAGAGG-1,1
TCTTTAGAGTCTAACA-1,1
TGACAACGCATGTCGC-1,1
TGACACTTCTCTTTGC-1,1
TGAGAATGCTTTACCG-1,1
TGAGAGATTTACCACG-1,1
TGAGCCATACAGTCTC-1,1
TGAGCTTTAATGACGC-1,1
TGAGGAGTGCCAGCTT-1,1
TGAGTGGTCCGTGACG-1,1
TGATCCCAGCATTAGT-1,1
TGATCTACGCTGATCT-1,1
TGATTTATTAGCTGTG-1,1
TGATTTCCTCCTGACG-1,1
TGCAACCCATCTGCGG-1,1
TGCAGAGTACCGAGCA-1,1
TGCATGTGACCCATAG-1,1
TGCATGTGGTAATCTA-1,1
TGCCAGTACGTGGAGA-1,1
TGCGACACCCTAGTGC-1,1
TGCGACGGCCGAACGT-1,1
TGCGCAAAGCATTTGG-1,1
TGCGTGATTGGGTGTC-1,1
TGCGTTTGTTGACACT-1,1
TGCTAAGTGTCTATTT-1,1
TGCTATGGCAAAGGGA-1,1
TGCTCTGCCGGTTCAC-1,1
TGCTTGAAACCATGCA-1,1
TGGAAGAAGGGAACGT-1,1
TGGACGCAATCCAGCC-1,1
TGGACTGTTCGCTCAA-1,1
TGGCCAAACTGAAGTA-1,1
TGGGCACAAACAGAAC-1,1
TGGGCCTTGCCTGCAT-1,1
TGGTAAGCAGGATTGA-1,1
TGGTCGTGCAAGGCAA-1,1
TGGTTAACTTACATTT-1,1
TGGTTAAGGGCGCTGG-1,1
TGGTTCGTAGCAAAGG-1,1
TGTACCCGACCCTAAT-1,1
TGTACTACTCTCACGG-1,1
TGTAGCCATCCCATTC-1,1
TGTAGGAGAAATTTCC-1,1
TGTATCCTTATTCCAT-1,1
TGTCCCGACATAGCAC-1,1
TGTCCGTGGCGCCTTT-1,1
TGTCCTAAGTCACCGC-1,1
TGTCGGCATGGTGGAA-1,1
TGTGACTACGCCAGTC-1,1
TGTGCTTTACGTAAGA-1,1
TGTGGCTCCCACCAAC-1,1
TGTTCCGCTTCCATGA-1,1
TGTTGTCAAGAAGTCT-1,1
TGTTTGAGATCGTCAG-1,1
TTAAACAGAGTCCCGC-1,1
TTAAACTCGAATTCAT-1,1
TTAACTCACGCGTGGA-1,1
TTAATGTAGACCAGGT-1,1
TTACAACTACGCATCC-1,1
TTACATGCCACAACTA-1,1
TTACCATTGATTACCC-1,1
TTACCCATTGCCGGGT-1,1
TTACTAAAGGACTTTA-1,1
TTACTCCGGCCGGGAA-1,1
TTAGCTCTGTAATCCG-1,1
TTAGTTATTCGTGGCA-1,1
TTAGTTCAAGTGTTCG-1,1
TTATCCAATCGAACTC-1,1
TTATTAGGGAAGCATC-1,1
TTCAAAGTCTCTAGCC-1,1
TTCAACGACCCGACCG-1,1
TTCAGAGTAACCTGAC-1,1
TTCAGTTTGTGGCAGC-1,1
TTCATAGCCTTGTAAC-1,1
TTCCAATCTGGCTATC-1,1
TTCCACACAGATTTGA-1,1
TTCCAGACGAGATTTA-1,1
TTCCGCAGAGAAATAT-1,1
TTCCTTTCTGTGTTGC-1,1
TTCGCACTCGCGTGCT-1,1
TTCGCACTGTACGACA-1,1
TTCGCGCGCCATACGA-1,1
TTCGGCAACCCGCTGA-1,1
TTCGGGACTAATCGCG-1,1
TTCTACCTCAATCGGT-1,1
TTCTCAATTGCTACAA-1,1
TTCTGCCGCGCCTAGA-1,1
TTCTGCGGGTTAGCGG-1,1
TTCTGCTAGACTCCAA-1,1
TTCTTGGAGTAATGAG-1,1
TTCTTTGGTCGCGACG-1,1
TTGACCATGTTCTCCG-1,1
TTGACGCTCCATGAGC-1,1
TTGACTACCATATGGT-1,1
TTGACTATTGTCCGGC-1,1
TTGATGTGTAGTCCCG-1,1
TTGCCCTGATCACGGG-1,1
TTGCGGCATCAGAAAG-1,1
TTGGACATGTGGCTTA-1,1
TTGGACCTATAACAGT-1,1
TTGGATTGGGTACCAC-1,1
TTGTAAGGACCTAAGT-1,1
TTGTAATCCGTACTCG-1,1
TTGTCGTTCAGTTACC-1,1
TTGTTAGCAAATTCGA-1,1
TTGTTGTGTGTCAAGA-1,1
AAACAAGTATCTCCCA-1,2
AAACAGAGCGACTCCT-1,2
AAACCGGAAATGTTAA-1,2
AAACCGGGTAGGTACC-1,2
AAAGACCCAAGTCGCG-1,2
AAAGGCCCTATAATAC-1,2
AAAGTAGCATTGCTCA-1,2
AAATCTAGCCCTGCTA-1,2
AAATGGTCAATGTGCC-1,2
AAATTAACGGGTAGCT-1,2
AACCCAGAGACGGAGA-1,2
AACCCTACTGTCAATA-1,2
AACCGAGCTTGGTCAT-1,2
AACGAAAGTCGTCCCA-1,2
AACGATAATGCCGTAG-1,2
AACGTCAGACTAGTGG-1,2
AACTCGATGGCGCAGT-1,2
AAGACTGCAAGCTACT-1,2
AAGAGATGAATCGGTA-1,2
AAGATGGCACCGGACC-1,2
AAGGGACAGATTCTGT-1,2
AAGGTGATAAACCAGC-1,2
AAGTGACGACCGAATT-1,2
AAGTGCCTTGACTGTA-1,2
AAGTGTTTGGAGACGG-1,2
AATACAATGTTTCAGG-1,2
AATAGAATCTGTTTCA-1,2
AATATCAAGGTCGGAT-1,2
AATATTGGAGTATTGA-1,2
AATCCAAGGGCCTGAG-1,2
AATCTATGCCGGAGCC-1,2
AATGTGCCCGAGGTGT-1,2
AATTCTAGAGTTAGGC-1,2
ACAAGGACAAGAGGTT-1,2
ACACCGGTCTGACCGC-1,2
ACACCTTAAGTAGGGC-1,2
ACACGGGAACTTAGGG-1,2
ACCATCGTATATGGTA-1,2
ACCCGGAGCACCACAA-1,2
ACCGATATTTAATCAT-1,2
ACGACCCATGAGTTGC-1,2
ACGATACATAGAACTA-1,2
ACGATCATCTTGTAAA-1,2
ACGCAATCACTACAGC-1,2
ACGCATACGTTTACTA-1,2
ACGCGGGCCAAGGACA-1,2
ACGCTGTGAGGCGTAG-1,2
ACGGACTCTCAAAGCG-1,2
ACGTGACAAAGTAAGT-1,2
ACTATCTGCCCGCGTA-1,2
ACTCAATAAAGGCACG-1,2
ACTCGATGTATTTCAT-1,2
ACTGAATGGCGAAAGT-1,2
ACTGTCTTCTTTAGAA-1,2
ACTTGACTCCCTCTTT-1,2
ACTTTCCTATAGCTTC-1,2
ACTTTGTCGACGCACT-1,2
AGAATAAATCTTCAGG-1,2
AGACGAAGTGCCGGTC-1,2
AGACGCCCACTTCGCC-1,2
AGAGCCGCCGAGATTT-1,2
AGATTCACAACCGATA-1,2
AGCAAAGGCCGCTAGT-1,2
AGCATCGTCGATAATT-1,2
AGCCCTGTCGCACCGT-1,2
AGCCCTTCTAATCCGA-1,2
AGCCCTTGGACATCCC-1,2
AGCCTTAAAGCGGAAG-1,2
AGCGGCGGTTAGCGGT-1,2
AGCTCCTTCGCACATC-1,2
AGCTTGATCAGGGTAG-1,2
AGGCAGGGAGCGTACT-1,2
AGGCATTGTCGTAGGG-1,2
AGGCCCTAGAACGCCA-1,2
AGGCTATGGTTAGCTT-1,2
AGGCTTCCCGAAGAAG-1,2
AGGGACCGGCTGCGTT-1,2
AGGGCGAGCAGCTGAT-1,2
AGGTAGGTACAAAGCT-1,2
AGGTCGCCTCCCAACA-1,2
AGGTTTCACACACCTT-1,2
AGTACTCTTATGCCCA-1,2
AGTAGGTAACATACAT-1,2
AGTATTTGGCACGACC-1,2
AGTCAAATGATGTGAT-1,2
AGTCAGCCACCGCCTG-1,2
AGTCGGCCCAAACGAC-1,2
AGTCGGCTCAACTTTA-1,2
AGTGCGTAGCTCGTAA-1,2
AGTGGCTCCGTCGGCC-1,2
AGTGGTTGCGTATAGG-1,2
AGTTTGCACCTGCCTC-1,2
AGTTTGGCCAGACCTA-1,2
ATAAACGTTGCACCAC-1,2
ATAAATATTAGCAGCT-1,2
ATAAGGTGGAGAACAT-1,2
ATAATACCGTTAGCCG-1,2
ATACGTACTTAGCCAC-1,2
ATACGTTATGCACGGA-1,2
ATAGAGTTATCAACTT-1,2
ATAGCTGCTCTTGTTA-1,2
ATAGTTCCACCCACTC-1,2
ATATAAATGTAGCTGC-1,2
ATATACGCTCGTGACG-1,2
ATATAGAGTATTGGTC-1,2
ATATTGGAGAGGCCTT-1,2
ATCAATCTGGGCTGCA-1,2
ATCATCCAATATTTGT-1,2
ATCCAACGCAGTCATA-1,2
ATCCAATGGAGGGTCC-1,2
ATCCTACCTAAGCTCT-1,2
ATCCTGAATCGCTGCG-1,2
ATCGGAGACAGACGGC-1,2
ATCGGTTACCTAGTAA-1,2
ATCTCCCACGGAATAT-1,2
ATCTCGTGAGCGAAAC-1,2
ATCTGGGCTGTTCTTG-1,2
ATGCCGGTTGATGGGA-1,2
ATGCTCAGTGTTGCAT-1,2
ATGCTCTGGCGCGGTA-1,2
ATGCTTAGGAGTTGAT-1,2
ATGGAACCTTTGCACA-1,2
ATGGAGCAGGCCGTGA-1,2
ATGGATTGACCAAACG-1,2
ATGGGCCTCGGCCTCT-1,2
ATGTGGACATCTTGAT-1,2
ATTATGAGACCCAATT-1,2
ATTCAGTAGCAGGGTC-1,2
ATTCATATACTGTCCA-1,2
ATTGAAGATCTTAGTG-1,2
ATTGATAGCAACGAGA-1,2
ATTGATCACCACATTT-1,2
ATTGTTCAACGATCCG-1,2
CAAACGAGTATCGCAG-1,2
CAAATGTCCTTCCGTG-1,2
CAACTTGTAGTGGGCA-1,2
CAAGCGGCACATAATT-1,2
CAAGGTCCTATAGGCT-1,2
CAATACGCTCTGAGGC-1,2
CAATGGATCTCTACCA-1,2
CAATTTGACCGGGAAG-1,2
CACAAGCTAAGAAAGG-1,2
CACACAGCTTGCGCTC-1,2
CACAGCTAGGGAGTGA-1,2
CACAGGGCCGTTGTCA-1,2
CACAGTTCGCTTCCCA-1,2
CACCATCGGAGGAGAC-1,2
CACCCACGAGGCAATT-1,2
CACCCTAACAAGATCT-1,2
CACCGTTAGGGATCAC-1,2
CACGCGGAACTGTTGC-1,2
CACGGGATTGAGGGTT-1,2
CACTCGAGCTGAACAA-1,2
CAGAGCATGAGCTTGC-1,2
CAGAGGCGATGCATGA-1,2
CAGCAGTCCAGACTAT-1,2
CAGGCCAGTACCACCT-1,2
CAGTGAATAAATGACT-1,2
CAGTGTCCGCAGAATG-1,2
CAGTTCCGCGGGTCGA-1,2
CATACAAAGCCGAACC-1,2
CATACACGGTTCCCAC-1,2
CATCATTACCCTGAGG-1,2
CATCTGCAGGATCATT-1,2
CATGAGATGCACTCTC-1,2
CATGGCAGGAAGATCG-1,2
CATGGGTATGCCTTAT-1,2
CATGGTAAGTAGCGTT-1,2
CATGTAAGAGACATTT-1,2
CATTTCTAGCAGACTA-1,2
CCAAATAACAAGATTC-1,2
CCAACGATGCACTGAT-1,2
CCAACTTGATAGATCC-1,2
CCAAGCGTAACTCGTA-1,2
CCAAGTTTCTACAGAT-1,2
CCACAGTACCCATCCT-1,2
CCACTGTTTGGATTAA-1,2
CCAGCTTCCGCCCGCA-1,2
CCAGTCAAATCTCTTA-1,2
CCAGTCTAGACGGCGC-1,2
CCAGTGTACAGACCGA-1,2
CCATAACCTGTGCAGT-1,2
CCATCTCACCAGTGAA-1,2
CCATCTTGTTCACAAT-1,2
CCATGCTCTGCAGGAA-1,2
CCCAGAGGAGGGCGTA-1,2
CCCAGGTCTGAAGGCT-1,2
CCCGAGTTTCTCCGTA-1,2
CCCGCCATGCTCCCGT-1,2
CCCGTCAGCGTCTGAC-1,2
CCGAACACTGGGCCTC-1,2
CCGACAAACACATGAG-1,2
CCGCACGTGACCTCGG-1,2
CCGCCTGCGAATTGGT-1,2
CCGCGGGTACGAAGAA-1,2
CCGCTATCAGCACCAG-1,2
CCGGTTTGTAATTGTG-1,2
CCGTACCCAAGCGCCA-1,2
CCGTGTTAAATTCCAT-1,2
CCTAAATTAACGGTTC-1,2
CCTATATTTGTCCTGG-1,2
CCTCACCAATCTTGAC-1,2
CCTCACGTCAGCTAAT-1,2
CCTCATGCAGCTACGA-1,2
CCTCTAATCTGCCAAG-1,2
CCTGTCACCCGGGCTC-1,2
CCTTCTCAGCGTTCCT-1,2
CGAACGGCCGGACAAC-1,2
CGACCCTTAACGCCGG-1,2
CGACTCAGGATGTTAT-1,2
CGAGACCCTAGAGTGT-1,2
CGAGAGCGCGTAGATA-1,2
CGAGCGTTGATCAGCC-1,2
CGAGGAGCTTCCATAT-1,2
CGAGGCCAGGCATTGG-1,2
CGAGGGACTGCGGTCG-1,2
CGAGTGCTATAGTTCG-1,2
CGAGTTTATCGGACTG-1,2
CGATCTGTTGGAGGAC-1,2
CGATGTTGTTATCTAC-1,2
CGCAAACACGAGTTAC-1,2
CGCACGTGCGCTATCA-1,2
CGCATCCATCAGCCAG-1,2
CGCATTAGCTAATAGG-1,2
CGCCACCCGCATTAAC-1,2
CGCCCGCTTCCGTACA-1,2
CGCCTCCCTCCTCTAT-1,2
CGCCTGGCCTACGTAA-1,2
CGCGACACTGCGCAGC-1,2
CGCGCCCGACTTAATA-1,2
CGCTACGGGACATTTA-1,2
CGCTATACCGCCCACT-1,2
CGCTCTCCGTAGATTA-1,2
CGCTTAGTATTGATAC-1,2
CGGAGCAATTTAATCG-1,2
CGGATCCTCAAGGACT-1,2
CGGCCACGCACAAAGT-1,2
CGGGCAGCTAAACCGC-1,2
CGGTACTAGAATCAAA-1,2
CGGTCAGTCCATATTT-1,2
CGGTCCATGAGACTCC-1,2
CGGTGAAGACTAAAGT-1,2
CGTAAACGCTTGAGTG-1,2
CGTCAAGGCTATAAAT-1,2
CGTCAGCTATTTACTC-1,2
CGTGCAGACTGGGACA-1,2
CGTGCCCTCCCGAAGA-1,2
CGTGCTGGCCTAGTCG-1,2
CGTGTCTCGTTACGAC-1,2
CGTTCAGACCCGCGAA-1,2
CGTTGAATACCGCGCT-1,2
CGTTGTCGGCAATTGA-1,2
CTAAATCCTATTCCGG-1,2
CTAACTGGTCCGGTTC-1,2
CTAAGGGAATGATTGG-1,2
CTAATTTCAACAACAC-1,2
CTACGACTAGCTATAA-1,2
CTACTGCCACCTGACC-1,2
CTAGATAAACTCCTCG-1,2
CTAGCATAGTATAATG-1,2
CTAGGTTCGGACGTGA-1,2
CTATCGGGTCTCAACA-1,2
CTATGTCACTAGCCCA-1,2
CTATGTGAGTCACGGC-1,2
CTCACTTGGCTGGTAA-1,2
CTCAGATTGTGATAAG-1,2
CTCATGGTAATTTGCG-1,2
CTCATTGCTCTAACAA-1,2
CTCCTGTTCAAGGCAG-1,2
CTCGATATTTGCGAGC-1,2
CTCGCCGAATGTAGGG-1,2
CTGACATAGAAATAGA-1,2
CTGAGAAAGTTCGGCG-1,2
CTGCACCTGGAACCGC-1,2
CTGCCATGCATCACAT-1,2
CTGCTGTCTAACGAGC-1,2
CTGCTTGGCGATAGCT-1,2
CTGGATTTACACTTGA-1,2
CTGGCGGGAATAAGTA-1,2
CTGGCTGGTTGTCAGT-1,2
CTGGGATACGCTACCC-1,2
CTGGTAAAGTGTGGGC-1,2
CTGGTGAATGGGCCTA-1,2
CTGGTTTCGAGCAAGA-1,2
CTGTACTTCTTAGCAT-1,2
CTTAGCCTTCCACATG-1,2
CTTAGTAGGCCTACAG-1,2
CTTAGTGTAGTAGCAT-1,2
CTTATAGATGGCTGTT-1,2
CTTATGCGCTCAGGGC-1,2
CTTCAGTGGTCGCCTA-1,2
CTTCATTGTCAGTGGA-1,2
CTTGTTTATGTAGCCA-1,2
CTTTAACTTTCAAAGG-1,2
CTTTGGCGCTTTATAC-1,2
GAAATTAGCACGGATA-1,2
GAACAGATTACTAAAT-1,2
GAACGCGGGTCACACG-1,2
GAAGAACGGTGCAGGT-1,2
GAAGCCTGCACATTCC-1,2
GAAGGGCATAACCATG-1,2
GAAGTCTCCCTAGCGA-1,2
GAAGTGCTGGATAGCT-1,2
GAATAGCATTTAGGGT-1,2
GAATCTGAACATTCTC-1,2
GAATGGGCTTATCGAC-1,2
GAATGTTGGGTAATCT-1,2
GAATTCACCCGGGTGT-1,2
GACAAACATATGCAGG-1,2
GACACTGGAACCCGAT-1,2
GACATTTCGCCCAGCC-1,2
GACCAAACGTTGACTG-1,2
GACCCAATTATGATAC-1,2
GACCGCGTCTGACGTG-1,2
GACCGTTACATGCGAC-1,2
GACGCCGTAAAGGCTA-1,2
GACTAAGTAGGCTCAC-1,2
GAGACTGATGGGTAGA-1,2
GAGACTTCGCGACCGA-1,2
GAGAGGTGCATTCTGG-1,2
GAGATCTGTCACTCCG-1,2
GAGCCACGGTAGTAGG-1,2
GAGCGAGGGAGTACCG-1,2
GAGGCCTGTTGATACA-1,2
GAGGCTATCAAAGTCG-1,2
GAGTGTGCGGTACCCA-1,2
GAGTTGATGGCAATTT-1,2
GATATCTCATGCAATA-1,2
GATATGCGGTAGCCAA-1,2
GATCATTCCAAACATT-1,2
GATCGCTACCCGATTT-1,2
GATCTCGACGCTGTGG-1,2
GATGCCTTCTGCGGCA-1,2
GATGGCGCACACATTA-1,2
GATGTAACGAACCACC-1,2
GATTCGACGGTTCACG-1,2
GCAAAGGGCGTTAGCC-1,2
GCACAAACGAGGCGTG-1,2
GCACTGTGCAAATGTA-1,2
GCAGACCCAGCACGTA-1,2
GCAGGAACTTAGATCT-1,2
GCATCCCTAACTTTGA-1,2
GCCCAGATGCTGGAGA-1,2
GCCCGTAATACCTTCT-1,2
GCCGATTGGCCAAGCT-1,2
GCCGGGTTAGGGTCGC-1,2
GCCTATTCCGATATAG-1,2
GCCTTCAGCCCTACCG-1,2
GCCTTGTATATGCAGT-1,2
GCGAAGCCATACCCGT-1,2
GCGCTGCTTTGCATTT-1,2
GCGGGCGAGCCTTACC-1,2
GCGTCTCTGCATTGGG-1,2
GCGTTATATTTGGAAC-1,2
GCTAAACCTGAGGTGA-1,2
GCTACGACTTATTGGG-1,2
GCTAGCAGGGAGTGGG-1,2
GCTAGGCACCACGGAG-1,2
GCTATCATACTCATGG-1,2
GCTCAACCTCTTAGAG-1,2
GCTCAATCCGTTTATT-1,2
GCTCCATGAGTGCAGA-1,2
GCTGAATCTTCCAATC-1,2
GCTTGCAGCACAATTG-1,2
GGACTCACAAATTAGG-1,2
GGAGCACCAAGAACTA-1,2
GGAGTGCCGCCCTGGA-1,2
GGATCCCTACCAGCTA-1,2
GGATGACGCGAGTTTA-1,2
GGATTCCGCTATACCC-1,2
GGATTTCACTTCTATA-1,2
GGCAAAGGCGCCAATA-1,2
GGCAAGGCGAAATAGC-1,2
GGCCCTCACCCACTTA-1,2
GGCCGAGACTCTGGTG-1,2
GGCGCAGGACATCTTC-1,2
GGCGCATGAATTGATG-1,2
GGGACAGAGTTACTCC-1,2
GGGAGGATGCCCGAAA-1,2
GGGATGGTCGTAACCG-1,2
GGGCAACCGCACGTGC-1,2
GGGCAGAGCAATCGTT-1,2
GGGCGAATTTCTCCAC-1,2
GGGCTCATCGAACCCA-1,2
GGGTCGTGGCAAGTGT-1,2
GGGTGACACCTTAACT-1,2
GGGTGTTTCAGCTATG-1,2
GGTACTAAGTGCTTTG-1,2
GGTAGAAGACCGCCTG-1,2
GGTATAGTGACACATA-1,2
GGTATTGCCGAGTTTA-1,2
GGTCAAGACTACTTCG-1,2
GGTCGGCCAGGAGCTT-1,2
GGTCTCTGAATGGACT-1,2
GGTGAAGTACAGGGAT-1,2
GGTTACCACCCTCGGG-1,2
GGTTCGGATTATACTA-1,2
GGTTCTACTCGTCTGA-1,2
GGTTTCAATCGGTCAG-1,2
GTAACATCTAAGATAA-1,2
GTACTCCCTTATCGCT-1,2
GTACTGAGGTCGTAAC-1,2
GTAGACGTCGTTACAT-1,2
GTAGGTGATCCGTGTA-1,2
GTAGTCGCGGGAATCA-1,2
GTATCTCAGTCTTGAC-1,2
GTATTTAATGGCATAA-1,2
GTCAAGCGGACTCGGG-1,2
GTCAGACAGCGTTGGA-1,2
GTCATCTCCTACAGCT-1,2
GTCCCGCGACGTTATG-1,2
GTCCGGACCTGAAATT-1,2
GTCCTTCTACAACCCA-1,2
GTCGTCAATTATAAGG-1,2
GTGAAACGGCGCCACC-1,2
GTGACCGCACACTACG-1,2
GTGCAGCGTAGAGTAG-1,2
GTGCGAAATCGAACAC-1,2
GTGCGGGTCTCCAAAT-1,2
GTGCGTGTATATGAGC-1,2
GTGGAGCATGTCGGCC-1,2
GTGGAGCGTTTACCGA-1,2
GTGGCAAACAGCGGCA-1,2
GTGGCCGGTTTCTCGG-1,2
GTGGTTACTTCTTTCG-1,2
GTGGTTTCCGCCTTTC-1,2
GTGTCGTATAGCGTTC-1,2
GTTAAGGGTGCGATGT-1,2
GTTACTTTGGGCCTAG-1,2
GTTATATTATCTCCCT-1,2
GTTCGGGCGTACCATT-1,2
GTTGGACCGCATCAGG-1,2
GTTTGGTAGGGTCAAC-1,2
TAACAGCGTTTGTGCT-1,2
TAACTATCGAAGGTCC-1,2
TAACTCCATGGAGGCT-1,2
TAAGAGGGACAGGGAC-1,2
TAAGGAACTTGTGGGA-1,2
TAAGGCATAACATCAA-1,2
TAAGGGCCTGTCCGAT-1,2
TAAGTCGCCGAGTATC-1,2
TAATTACGTCAGTAGA-1,2
TAATTGGAATCGGGAA-1,2
TACAACGCACAACTCA-1,2
TACATCCCTATCCCTG-1,2
TACCAAATAGCCCAGA-1,2
TACCATGTATTGATTT-1,2
TACCGTAGGTTAACTA-1,2
TACCTACTCCCAGTAT-1,2
TACGCTATAGAAACCT-1,2
TACGCTCGGTATTGGA-1,2
TACTCTTACTTTACTG-1,2
TACTCTTTCGTCTTCA-1,2
TACTGGACAGCTCGGC-1,2
TACTTTCCGCACGCCA-1,2
TAGAGGTTCTACTTGT-1,2
TAGCCATTTCAAAGTC-1,2
TAGTCTTTCCGAATTG-1,2
TAGTGCCCTCCAGAGT-1,2
TATACACGCAAAGTAT-1,2
TATACTCATGCGGCAA-1,2
TATAGATGGTCGCAGT-1,2
TATAGTTAGGTGTACT-1,2
TATATGCTGGGTTGCC-1,2
TATATTACAAATGTCG-1,2
TATCCATATCATGCGA-1,2
TATCTACCACAGCGGG-1,2
TATCTAGCCTAAAGGA-1,2
TATGGATGTGCTACGC-1,2
TATGGGACCGAGCAGG-1,2
TCAAACAACCGCGTCG-1,2
TCAAAGTCACGGCGTC-1,2
TCAACATAGCGCCCTA-1,2
TCAACATCGACCGAGA-1,2
TCAACGCGACCGGCAG-1,2
TCAACTGCAGAGTCAG-1,2
TCAATACGCCGTCATG-1,2
TCACAGATCCTCAAAC-1,2
TCACGATGTCCGTGGA-1,2
TCACGGTCATCGCACA-1,2
TCACGTGCCCGATTCA-1,2
TCAGCCAATCCGTAAA-1,2
TCATACTTACAGATCC-1,2
TCCAGCGCTATAAGCG-1,2
TCCCAAACAGACAACG-1,2
TCCCAAAGACGAAGGA-1,2
TCCCGCGTACTCCTGG-1,2
TCCCGTGTGCAATTTG-1,2
TCCGATTACATTGCCG-1,2
TCCTCTACGAGATGGC-1,2
TCCTGGCGCTGCCTGG-1,2
TCCTTCAGTGGTCGAA-1,2
TCGAGCCAGGCAGGCC-1,2
TCGAGGGCAACAGACG-1,2
TCGCAAAGATGCATTT-1,2
TCGCACCAGGAGGCAG-1,2
TCGCATTCAATGACTT-1,2
TCGCCGGTCGATCCGT-1,2
TCGCGTCCAGAAGGTC-1,2
TCGCTTTAAACGTTTG-1,2
TCGGAGAGTATCGGGA-1,2
TCGGCGAACCCAAACC-1,2
TCGGCGTACTGCACAA-1,2
TCGGGAGACAGCGTAC-1,2
TCGGGTGAAACTGCTA-1,2
TCGTGTTCGACCACAA-1,2
TCGTTGGCTCGTCAAT-1,2
TCTAACTGTATGTAAA-1,2
TCTACCGTCCACAAGC-1,2
TCTAGCATGCCCAGAA-1,2
TCTATCGGTCGCAACA-1,2
TCTCGACGTATCGCCG-1,2
TCTCGGCTCCAGGACT-1,2
TCTCGTGTTACGAGGA-1,2
TCTCTCGCCGCACATA-1,2
TCTGAAGCACGTGGTC-1,2
TCTGAATTCCGTACAA-1,2
TCTGATTGGAAATGGA-1,2
TCTGGCGCAAGCCGGG-1,2
TCTGTCATACAAGAGC-1,2
TCTTGATGCGTAGCGA-1,2
TCTTGGTAACACCAAA-1,2
TCTTTAAGACTATGAA-1,2
TCTTTCCTTCGAGATA-1,2
TGAATGAGTGTTTCCC-1,2
TGACAGAAATCTTGCT-1,2
TGACATCGAGCGGACC-1,2
TGACGATGCACTAGAA-1,2
TGAGACGTACCTCTCA-1,2
TGATAGCGGGATTCTA-1,2
TGATTCCCGGTTACCT-1,2
TGCAAGAATGACGTAA-1,2
TGCAGAACTATATCGT-1,2
TGCAGATCGTCCTAGG-1,2
TGCAGTGGTAGGGAAC-1,2
TGCAGTTTCCTCCCAT-1,2
TGCATGGATCGGATCT-1,2
TGCCTAATTGAAGATT-1,2
TGCCTTGGCCAGGCAA-1,2
TGCTGGTTGGACAATT-1,2
TGGAATTAGACGCTTT-1,2
TGGGCAGGCCACCGCA-1,2
TGGTCCCACGCTACGG-1,2
TGGTTTAAACGTGGGT-1,2
TGTAATGACCACAATA-1,2
TGTACGAACAAATCCG-1,2
TGTATAACAGATCCTG-1,2
TGTGGACTATCTACGT-1,2
TGTGGCAAAGCGTATG-1,2
TGTGTAGTAGCACGTG-1,2
TGTGTTCGTATCCAAG-1,2
TTAAACCTGGTTCCTT-1,2
TTAACTTCAGGTAGGA-1,2
TTAAGATAGGATTGAC-1,2
TTAATCAGTACGTCAG-1,2
TTAATTGCTTTGGGTG-1,2
TTAATTTCAGACGCGG-1,2
TTACATCGTGGCCTGG-1,2
TTACCCTAGGGATTGG-1,2
TTACGGATGGTTCGAG-1,2
TTAGAGTTTAGAAGGA-1,2
TTAGCTAATACGATCT-1,2
TTAGGTCATAACCGAC-1,2
TTAGTAAACCTGCTCT-1,2
TTAGTAGGGCGGCGGG-1,2
TTATCTGACATTAGGA-1,2
TTATCTGTATCATAAC-1,2
TTATGTTTGCGATAGA-1,2
TTATTAGAGCGTGTTC-1,2
TTATTATCTGGAAGGC-1,2
TTCAATACTCTGAATC-1,2
TTCACGGTCGTCACGT-1,2
TTCCGCGTGAGGCGAT-1,2
TTCCGGTTACCCACTT-1,2
TTCCTCGAGGGTGTCT-1,2
TTCGACAGAGCCCGTG-1,2
TTCGACGGGAAGGGCG-1,2
TTCGGGTTGCCACGGG-1,2
TTCTAACCGAAGCTTA-1,2
TTCTAGAAAGTCTTAT-1,2
TTCTCTTACAGGTGAT-1,2
TTCTGCGAGCGCCCTT-1,2
TTCTTAGTGAACGGTG-1,2
TTCTTAGTGGCTCAGA-1,2
TTCTTGAGCCGCGCTA-1,2
TTGAATCGTTGTATAA-1,2
TTGAGAGTACTGCTAA-1,2
TTGATGCCGCTCGTCG-1,2
TTGATTATGCAGATGA-1,2
TTGCTCCCATACCGGA-1,2
TTGGAAGAATACAGTC-1,2
TTGGCCTAGAATTTCG-1,2
TTGGCGATCCGAATAT-1,2
TTGGGACGTAAGAGTT-1,2
TTGGGCGGCGGTTGCC-1,2
TTGGTCACACTCGTAA-1,2
TTGTGAACCTAATCCG-1,2
TTGTGTATGCCACCAA-1,2
TTGTTCAGTGTGCTAC-1,2
AAACAGGGTCTATATT-1,3
AAACTTGCAAACGTAT-1,3
AAAGGCTACGGACCAT-1,3
AAAGTGTGATTTATCT-1,3
AAAGTTGACTCCCGTA-1,3
AAATACCTATAAGCAT-1,3
AAATCGTGTACCACAA-1,3
AACAATACATTGTCGA-1,3
AACAATTACTCTACGC-1,3
AACAGCTGTGTGGCAA-1,3
AACAGGTAGTATGGAT-1,3
AACATTGAAGTTGATC-1,3
AACCTGTCACGGAATT-1,3
AACGGACGTACGTATA-1,3
AACGTTATCAGCACCT-1,3
AACTCTCAGTGTGCTC-1,3
AACTGAGTTATACTGA-1,3
AACTGGGTCCCGACGT-1,3
AAGCCGAAGCGGTTTA-1,3
AAGCTCGTGCCAAGTC-1,3
AAGCTCTTTCATGGTG-1,3
AAGTAGTGACGCGAGG-1,3
AATAACAACGCTCGGC-1,3
AATAACACTAGAACAA-1,3
AATAGAACAGAGTGGC-1,3
AATCCATGCAAGGGTG-1,3
AATCTGGCTTTCTAGT-1,3
AATGACAGCAATGTCT-1,3
AATGAGTTCGCATATG-1,3
ACAATTGTGTCTCTTT-1,3
ACACACTTTCTACACG-1,3
ACACCCAGCATGCAGC-1,3
ACAGGTGGAGGTGAGG-1,3
ACATAATAAGGCGGTG-1,3
ACATCGATCGTTTACC-1,3
ACATCGGTCAGCCGCG-1,3
ACATCGTATGCAATGG-1,3
ACCAAGAACGCGTGTC-1,3
ACCACGTGCAGCTATA-1,3
ACCACTGTTCAAGAAG-1,3
ACCATATCCGCAATAA-1,3
ACCCACCTACATGCTC-1,3
ACCCATCTTGAGGGTA-1,3
ACCGATAGGCATAACC-1,3
ACCGATGGTAGCATCG-1,3
ACCGGTCAGGTACACC-1,3
ACCTCGAACTTATGCT-1,3
ACGGATGGTGCGGATA-1,3
ACGGCACTTGCTTGGG-1,3
ACGGGAGTGTCGGCCC-1,3
ACGTTAATGTCGAAGA-1,3
ACTCAGACCTGCTTCT-1,3
ACTCCCTAGAATAGTA-1,3
ACTGAAACGCCGTTAG-1,3
ACTTAGTACGACAAGA-1,3
AGAACCCTCAATTGGG-1,3
AGAACGTGGTACATTC-1,3
AGAATTATGGATTCGA-1,3
AGACAGGCATCTCAGC-1,3
AGACGACGATGCCGCT-1,3
AGACTAGCCTTCCAGA-1,3
AGAGCAGTTATGAGAC-1,3
AGATAACTTCAGGGCC-1,3
AGATGCTATAACGAGC-1,3
AGATTATAGGACGTTT-1,3
AGCACTACCTCACCAG-1,3
AGCCACTCCCGTGCTT-1,3
AGCCCATACATGTAAG-1,3
AGCCCGGTAGCCTGTA-1,3
AGCCCTAAGCGAAGTT-1,3
AGCCCTCCCTGGTGGC-1,3
AGCGACAGGAACGGTC-1,3
AGCGAGACGTGAAGGC-1,3
AGCGGGAAGGGTCCAT-1,3
AGCTCCATATATGTTC-1,3
AGGCGATAACTGGCGT-1,3
AGTCAAGATGACACTT-1,3
AGTCGGTTGCGTGAGA-1,3
AGTGATAACCTGCGCG-1,3
AGTGCTTGCACGAATA-1,3
AGTGGTGTTACCCGTG-1,3
AGTTCACCGGTTGGAC-1,3
AGTTGACGGTCCTTGC-1,3
AGTTTGGCACGGGTTG-1,3
ATAACGGAGTCCAACG-1,3
ATAATAGCTGTTGAAT-1,3
ATAATCTTGGAGAACC-1,3
ATACTCTCGCCACTCT-1,3
ATATAAAGCGCTCGTG-1,3
ATATCTTAGGGCCTTC-1,3
ATATTCAGTTAAACCT-1,3
ATCAAACGAAGGTTTG-1,3
ATCAATGCCGTGGCTG-1,3
ATCACGTGCTAATTAA-1,3
ATCATAGCCCTATGTA-1,3
ATCCAGAGCAACAACC-1,3
ATCGGCAAGCAGTCCA-1,3
ATCTAATATCCTACGG-1,3
ATGACTATCAGCTGTG-1,3
ATGACTATGCGACATT-1,3
ATGGAAATTTAAGGAG-1,3
ATGGATCCGGCGTCCG-1,3
ATGTACATGCGGTGAG-1,3
ATGTACGATGACGTCG-1,3
ATGTTACGAGCAATAC-1,3
ATGTTGTAGTCTGTTT-1,3
ATTACCACACTGCCTG-1,3
ATTAGATTGATAGCGG-1,3
ATTCAACCATTTAAGG-1,3
ATTCTCGTCTCTTTAG-1,3
ATTGCGATCAGTAACT-1,3
ATTGGATTACAGCGTA-1,3
ATTTGTTCCAGGGCTC-1,3
CAAACTCGCGACGCCG-1,3
CAAAGGTCATCTGAAA-1,3
CAACATGGCCTGATAA-1,3
CAACGTGGTGGAGTCT-1,3
CAACTGCTCATCCGAT-1,3
CAAGCACCAAATGCCT-1,3
CAATTAAGGGTGATGA-1,3
CAATTTCGTATAAGGG-1,3
CACAGCACCCACGGCA-1,3
CACAGGGCCATATAGT-1,3
CACATCTCACCGACGA-1,3
CACATGTTTGGACATG-1,3
CACCAGTCAGCATGCA-1,3
CACCCACACGTCACCC-1,3
CACCTAATCAGTTTAC-1,3
CACGTCAATCAATGGA-1,3
CACTAAAGTTGCCTAT-1,3
CACTGTCCAAGTGAGA-1,3
CAGCAGCCCGTTCCTT-1,3
CAGCTCACTGAGACAT-1,3
CAGGATATATCGTTGT-1,3
CAGTAACTATTTATTG-1,3
CAGTCTGTATACTGGG-1,3
CAGTTCAAATTGACAC-1,3
CATAAGCTCTCCGTCT-1,3
CATAGTAGCATAGTAG-1,3
CATATAGGTACAGTCA-1,3
CATCTTACACCACCTC-1,3
CATGCTGGCTCCAATT-1,3
CATGGATTGTCTTCCG-1,3
CATGGTATTAGTTTGT-1,3
CCAAGACTTCTGCGAA-1,3
CCAATGTCACAGCAAG-1,3
CCACGGAGCCATAAGA-1,3
CCACGTAAATTAGACT-1,3
CCAGAAAGCAACTCAT-1,3
CCAGCTACGCCTCATA-1,3
CCAGTCCATTATTCGA-1,3
CCATACCTTTACTTGT-1,3
CCATATGGAAACTATA-1,3
CCATTTCTACCTATTA-1,3
CCCAACATACGTCGCG-1,3
CCCGCGCAATGCACCC-1,3
CCCTCCTCGCTCGTAT-1,3
CCCTCGATAATACACA-1,3
CCCTGATGTAACTCGT-1,3
CCCTGGCTGTTCCTTC-1,3
CCCTGTTGGCAAAGAC-1,3
CCCTTTGACAGGTCTT-1,3
CCGCACACGAACGTGT-1,3
CCGCCTTGCGATGTCG-1,3
CCGCGTAGGTAAGGGC-1,3
CCGGAAGTTATCAGTC-1,3
CCGGTGCGAGTGATAG-1,3
CCGTAGGAAATCCCTG-1,3
CCGTGCCCATGACGGC-1,3
CCTCGCGCTGTGCGAT-1,3
CCTCGGATGCTACCTG-1,3
CCTCTACAAGGATTGG-1,3
CCTGCTATTTGAGAAG-1,3
CCTGTCCCTCACGTTA-1,3
CCTTCAGTTAAAGTGA-1,3
CGAGAGGGTAGCCGCG-1,3
CGATACCTCGCGGACA-1,3
CGATTCGCCTGGCTGC-1,3
CGCAATTACTTTCGGT-1,3
CGCATGGTGCGATGCT-1,3
CGCCCAGCACGCCTAG-1,3
CGCCGACTATTCGCTA-1,3
CGCCGCCCATGCCTGT-1,3
CGCGCAAATGTCCAGA-1,3
CGCGGTACGGTATACA-1,3
CGCTAGAGACCGCTGC-1,3
CGCTATTCAATGTATG-1,3
CGCTATTCTTAGGCTC-1,3
CGCTCGACATAATGAT-1,3
CGCTGGTGACTACCCT-1,3
CGCTTTCATACCGGTG-1,3
CGGATAAGCGGACATG-1,3
CGGCCCAGGTATATCC-1,3
CGGGATCAATGTAAGA-1,3
CGGGCCATAGCCGCAC-1,3
CGGGTTTGTTAGGGCT-1,3
CGGTAGAGGTGCAGGT-1,3
CGTACCGAAAGTCTAG-1,3
CGTACCTGATAGGCCT-1,3
CGTCGCGGCGGGATTT-1,3
CGTCGTCCTTCGCGAA-1,3
CGTGACCAGTCCTCTG-1,3
CGTTGTAAGATTGATT-1,3
CTACACTCGCAGATGG-1,3
CTAGATGTGAGTGTAA-1,3
CTAGCTTAATGGTCCC-1,3
CTAGTTACAACCCGGT-1,3
CTATAGGCGTTGATGT-1,3
CTATATCCAGCCTGGC-1,3
CTATGCCCGAATGCAA-1,3
CTCAACTAACCCGGAT-1,3
CTCATTAACGTTGCCC-1,3
CTCCCAATGAGTCGCG-1,3
CTCGAGATCCAAAGCA-1,3
CTCTCTAACTGCCTAG-1,3
CTCTGGACGCCTGGTG-1,3
CTCTTCTATTGACTGG-1,3
CTCTTCTGGAAGTTAG-1,3
CTGCCCACGAAGCGTT-1,3
CTGGCATCCGAATGAG-1,3
CTGGCTCCTGCGGGAT-1,3
CTGGGTAGGCAGTTAA-1,3
CTGGTTCAACGCATCA-1,3
CTGTAGCCATCTCACT-1,3
CTGTCAAATGGCTCGG-1,3
CTGTGCAGGGTAGGTC-1,3
CTGTTCATCTCACGGG-1,3
CTTAGTTGAGGAATCG-1,3
CTTCACGCCCTGGTAC-1,3
CTTCGGCCAATTGTTT-1,3
CTTGAGGTTATCCCGA-1,3
CTTGTGAGTCTTTGAC-1,3
CTTTAATATTGGTCGA-1,3
CTTTGCTGTCATGGAT-1,3
GAAACATAGGAAACAG-1,3
GAAACCGAATTACCTT-1,3
GAAAGAACAGCGTTAT-1,3
GAAATTCACATCGCTG-1,3
GAAGCGTGAGGAATTT-1,3
GAAGTCAGTTGCACTA-1,3
GAAGTGATTTATCGTG-1,3
GACAAGAGATGAGATT-1,3
GACACAAGGGAAGAAA-1,3
GACGACGATCCGCGTT-1,3
GACTGCGGCACGTGTA-1,3
GACTGCTGGTGAGAAA-1,3
GAGAATCTCACGATCA-1,3
GAGAGGGCGCGAGGTT-1,3
GAGCATCAACAACTTG-1,3
GAGCGCAAATACTCCG-1,3
GAGGGAGTCAGATCGC-1,3
GAGTACGGGTATACAA-1,3
GAGTATCAAAGTTACA-1,3
GAGTATGCGCGTGCAT-1,3
GAGTCAGACCAGAATC-1,3
GAGTGTCAACCAGAAA-1,3
GATAACTCGCACTGTG-1,3
GATAGGTAACGTTGAC-1,3
GATAGTGCGAGTAAGT-1,3
GATATTTCCTACATGG-1,3
GATCGACACTATCTGA-1,3
GATCTGCTATCTAAGG-1,3
GATGCGAATGGTATTA-1,3
GATGCTACAAGCGCCT-1,3
GATTCCCTTGTCGCAG-1,3
GATTGCTCCAGTTGCA-1,3
GCAAACCCTACATTAT-1,3
GCAAACGTAAGCGACC-1,3
GCAAACGTCGCCAGGT-1,3
GCAACACACTAGAACT-1,3
GCAGTGTGGCTATAGG-1,3
GCATAGAGCACTCAGG-1,3
GCCACAATTTAAGGAC-1,3
GCCACTCCTTACGGTA-1,3
GCCCAGTTGGTATGCC-1,3
GCCCGACTTCTTCCCG-1,3
GCCCGAGAGTCTAAAT-1,3
GCCCGCGCGTTTGACA-1,3
GCCCTAGCCGTCGCGA-1,3
GCCGTGGAAGAAATGT-1,3
GCCTCCGACAATTCAC-1,3
GCGACGATAGTTGTAC-1,3
GCGAGAGGCCATGTAA-1,3
GCGCCGTTCCACGATA-1,3
GCGCGTCATTGGTACA-1,3
GCGCTTAAATAATTGG-1,3
GCTAATACCGAATGCC-1,3
GCTACTATAGTAGAGT-1,3
GCTAGACCGTCTACTG-1,3
GCTATACGTCTCGGAC-1,3
GCTCTTTCCGCTAGTG-1,3
GGAACCCGAACAAGAA-1,3
GGAGAAGTCATTGGCA-1,3
GGATACTCATGAATTG-1,3
GGATGAAGATCGCTGA-1,3
GGATGCTGGCGTTCCT-1,3
GGATTCAGTACGGTGG-1,3
GGCAATAGTCAATGAG-1,3
GGCAGCAAACCTATGC-1,3
GGCCTGCTTCTCCCGA-1,3
GGCGCGGAGATCTTTC-1,3
GGCGGTAGGATCATTG-1,3
GGCTCCTCCACCTGTT-1,3
GGCTGAAATAGCAAAG-1,3
GGGAACGGGAGGTTAG-1,3
GGGACTGCATAGATAG-1,3
GGGCAGACGTCACTGC-1,3
GGGCTGGTTAGTCGCG-1,3
GGGTAATGCTGTGTTT-1,3
GGGTCTATCGCTTTCC-1,3
GGGTGCATATGAAAGC-1,3
GGTAACTATGTATCTG-1,3
GGTCCTTCATACGACT-1,3
GGTCGGTCGTCCACAG-1,3
GGTCTCCAAGTAGTGC-1,3
GGTTAGCTATATGTCT-1,3
GGTTGTGCTCTTGTCC-1,3
GGTTTAGCCTTTCTTG-1,3
GGTTTGAGTGCTGGAA-1,3
GTACGTTTGCCCGTCA-1,3
GTACTGCATGAAGCGT-1,3
GTAGAGGGAGACAAGT-1,3
GTATATGTTACGGCGG-1,3
GTATGTGGGTCTAGTT-1,3
GTCATGCACCTCCGTT-1,3
GTCATTGCATTGACCC-1,3
GTCCGAGAGCAATCAT-1,3
GTCCTAGGATACCTTA-1,3
GTGAAGATTTCAAGTG-1,3
GTGAGTGGTACAACGC-1,3
GTGATCACTAACGCCT-1,3
GTGCCCGTTCGGATTC-1,3
GTGCCGCTTCAAAGGT-1,3
GTGCTGCAGATAAGGA-1,3
GTGGACGCATTTGTCC-1,3
GTGGACGTGCTGAGAC-1,3
GTGGAGTCGGCGGTTG-1,3
GTGGGAAGACTGAATC-1,3
GTGGTGATGGTTTGTG-1,3
GTGTCAGTGTACGTGG-1,3
GTTCCAGTCTGACCAT-1,3
GTTCCCGTAAACATAT-1,3
GTTCGCCATAAGTGCC-1,3
GTTCTTCCCTCGATGT-1,3
GTTGCGGACGGTCAGG-1,3
GTTGGATTTGCGTTGG-1,3
GTTTACGTTCCATCTG-1,3
GTTTGACCAAATCCTA-1,3
GTTTGGTGATCGGTGC-1,3
TAAACCCAGGAGGGCA-1,3
TAAACGTCGTCAATGA-1,3
TAACATACACGCGATC-1,3
TAAGGCCCGTCACCCT-1,3
TAATACACAGTAGTAT-1,3
TAATGAAAGACCCTTG-1,3
TACCAATAAAGTACCA-1,3
TACCAGGAATCCCGTC-1,3
TACCGGTCGTTTCCAT-1,3
TACCTCAGTTGTCTGT-1,3
TACCTTAAGATTTCCC-1,3
TACGACTGCCTCTTAG-1,3
TACGCCTCCATTCCGA-1,3
TACGGGATGCTAGCAG-1,3
TACGTAAAGCGGAGTG-1,3
TACTCTCCGAACAAAT-1,3
TACTGTTTCTCTGGTA-1,3
TAGAAATTCACGTATA-1,3
TAGAGATCATGCAACT-1,3
TAGATATGGACTGGAA-1,3
TAGCTAAGTCCGGGAG-1,3
TAGTCCGCAGAGAATG-1,3
TAGTCTAACAACGAGA-1,3
TATATAGGGCTTTACG-1,3
TATATATCGAGAAATG-1,3
TATCAGTGGCGTAGTC-1,3
TATCCAATTGGTTATC-1,3
TATCCGCACCGTCGGG-1,3
TATCGATCTATGCATA-1,3
TATGGGTACGTATCGT-1,3
TATTACCATCCTGCTT-1,3
TATTTGTTACCCTTTA-1,3
TCAACCATGTTCGGGC-1,3
TCAACTAACGTATAAC-1,3
TCACAGGGAATCGCAA-1,3
TCACATCTTATCTGAT-1,3
TCACGGCCCAAGAGAG-1,3
TCAGGTTCTTTGAGAA-1,3
TCAGTGTATACGTCAT-1,3
TCCACCTCTAGCCTTT-1,3
TCCATTAGTTGGATAG-1,3
TCCCAGCTTTAGTCTG-1,3
TCCGAACTTGGCTTAC-1,3
TCCGATAATTGCCATA-1,3
TCCGCGGCAGCATCTG-1,3
TCCGTTTAGCCTTGAA-1,3
TCCTAAATTGGGAAGC-1,3
TCCTACATCCACGGCC-1,3
TCCTATCATAGGTAAC-1,3
TCCTGCGTTGATACTC-1,3
TCGAAGAACCGAGCAC-1,3
TCGCTGTGCGTAAATC-1,3
TCGGAATGCGCTCTGA-1,3
TCGGAGTCCTGGTTGC-1,3
TCGGCTTGTATCGACG-1,3
TCGTCACACTGTTAGC-1,3
TCTAGCAATCTCCGCC-1,3
TCTATCATGCAGTTAC-1,3
TCTATTACGCTGGCGA-1,3
TCTCGAGGAGGTTCGC-1,3
TCTGACTGTAATGGTT-1,3
TCTGGGTAGCGCTCAT-1,3
TCTGTTACCCAGCATA-1,3
TCTTACCGGAACTCGT-1,3
TGAATGTCAGCCGGCC-1,3
TGACGAATATTTCCCT-1,3
TGACTCCGAATCATAC-1,3
TGAGATTAGGCCCTAA-1,3
TGAGCTCAACTGTATA-1,3
TGAGTAAATTAGCGTA-1,3
TGAGTGCCTCTTAAAT-1,3
TGATACATTTAGCCGT-1,3
TGATCAGGGAACTGCT-1,3
TGCACTATGTGAGTGC-1,3
TGCCTGACATCGGTCA-1,3
TGCGATGCTAATGGCT-1,3
TGCGCCGTTAATAACG-1,3
TGCGTAAGAACCTGAT-1,3
TGCGTCATGACTGAGC-1,3
TGCTCCACAGTTCTTA-1,3
TGGAAGACGAACACCA-1,3
TGGAAGGATAAAGATG-1,3
TGGACACCGTTGCTTG-1,3
TGGATAGAGTAACAGA-1,3
TGGCAGCAGTAATAGT-1,3
TGGCTCTTGTCGCGTA-1,3
TGGGAAATGCCTTTCC-1,3
TGGGCAATAGTTGGGT-1,3
TGGGTTTCGGGCGTAC-1,3
TGGTGATCGTATTTGT-1,3
TGGTTCAACGGGTAAT-1,3
TGTGCCGGTGCCGGAA-1,3
TGTTTCGGTACTTCTC-1,3
TTAACCAACCCTCCCT-1,3
TTAAGCGCCTGACCCA-1,3
TTACCGCCTTAGGGAA-1,3
TTACTATCGGCTTCTC-1,3
TTAGAAGAACATGACT-1,3
TTAGACGAGTCACCTC-1,3
TTAGATAGGTCGATAC-1,3
TTAGCAACATGGATGT-1,3
TTATGACAAACTGGAT-1,3
TTCACGAAAGGATCAC-1,3
TTCAGCCCTGGTCCAC-1,3
TTCATGGCGCAACAGG-1,3
TTCCATCGACAGCGTG-1,3
TTCCTCTGCCCGAATA-1,3
TTCGCATCCGGAAGCA-1,3
TTCGCTATCTGACGTG-1,3
TTCGGTGGAGACGCCC-1,3
TTCTACTTGCGAGGGC-1,3
TTCTAGGCCAATTGTG-1,3
TTCTTGGACGATCTGC-1,3
TTCTTGTGTCCATCAG-1,3
TTGAATTCACGTGAGG-1,3
TTGAGAAGTTTAGCAT-1,3
TTGCGTAGTTTGAGGA-1,3
TTGCTGCACCTATCCA-1,3
TTGGAGTCTCCCTTCT-1,3
TTGGATATCGTCTACG-1,3
TTGGCCATCTTGCGCT-1,3
TTGTAAGGCCAGTTGG-1,3
TTGTGCAGCCACGTCA-1,3
TTGTGGCCCTGACAGT-1,3
TTGTTTCCATACAACT-1,3
AAACTGCTGGCTCCAA-1,4
AAAGGGATGTAGCAAG-1,4
AAATTGATAGTCCTTT-1,4
AACACACGCTCGCCGC-1,4
AACATATCAACTGGTG-1,4
AACCCGACAACCCGTG-1,4
AACCTTTACGACGTCT-1,4
AACTTGCGTTCTCGCG-1,4
AAGAGCTCTTTATCGG-1,4
AAGATTGGCGGAACGT-1,4
AAGCCGCCGTGAAATC-1,4
AAGGATGAGGGACCTC-1,4
AAGGCTGTGCTCATCG-1,4
AATAGTCGCGAGTCGG-1,4
AATCTGCGTTGGGACG-1,4
AATGACGTAGGATGTC-1,4
AATTACTCGTACGCTC-1,4
ACAAATCGCACCGAAT-1,4
ACAAGCAGTGCCTAGC-1,4
ACAATAGTCGTACGTT-1,4
ACAATGAATACGGAGA-1,4
ACAATTTGAGCAGTGG-1,4
ACACAAAGACGGGTGG-1,4
ACACATGATCAAATCT-1,4
ACACCACATAATTAGC-1,4
ACACGAGACTCCTTCT-1,4
ACACGTAGGCCACAAG-1,4
ACAGGCTTGCCCGACT-1,4
ACATAAGTCGTGGTGA-1,4
ACATCCCGGCCATACG-1,4
ACATCCTGGTAACTGT-1,4
ACATTAGTTTATATCC-1,4
ACCACCCTCTCTTCTA-1,4
ACCATTAAGGGTGTCA-1,4
ACGAGAACCCATCACG-1,4
ACGCATTCGTGAGTAC-1,4
ACGGAGCGCAAATTAC-1,4
ACGGCCAACATGGACT-1,4
ACGGCGACGATGGGAA-1,4
ACGGGCGTATGCGACA-1,4
ACGTACTTTGGCACGG-1,4
ACGTCTCGTTCCGGGA-1,4
ACTACATCCCGACAAG-1,4
ACTCAACGAATGTATT-1,4
ACTCTTCAGCTCCCGC-1,4
ACTGCGGACACACCGT-1,4
ACTGCTCGGAAGGATG-1,4
ACTTATTAGGATCGGT-1,4
ACTTCCATGCGGGACA-1,4
ACTTGTAGTCCCTTCA-1,4
AGAACCCAGCGTGACA-1,4
AGAATTGTTTGACATA-1,4
AGACCAAACCACACCT-1,4
AGACCCGCCCTCCTCG-1,4
AGAGCGGGCTAATCAT-1,4
AGAGCTACGAAAGCAT-1,4
AGAGTATAGTGTTACG-1,4
AGATCGTGCATAAGAT-1,4
AGATGATGGAGTCTGG-1,4
AGATGCAAGACGTGCA-1,4
AGCAACCGAAAGTAAT-1,4
AGCATCATTTCGAAAG-1,4
AGCCTAATACCCACGT-1,4
AGCGACCAACGATATT-1,4
AGCGCATAATGAATCG-1,4
AGCGGACACTTCGTAG-1,4
AGCGTACGAGAGCTAG-1,4
AGCTAGAAGCAGAAGT-1,4
AGCTGTAACCTCAATC-1,4
AGGACAGTCGAATCCC-1,4
AGGACGCTCGATGTTG-1,4
AGGAGACATCCACAGT-1,4
AGGAGGCCTTCGCGCG-1,4
AGGATAAAGTCGGGAT-1,4
AGGCACGTGACTGTCC-1,4
AGGCAGATGCGTAAAC-1,4
AGGCCCATTGTACAGG-1,4
AGGTAGATCGAGATAT-1,4
AGTACATCATTTATCA-1,4
AGTCACTAGCTCTCGA-1,4
AGTCCCGCCTTTAATT-1,4
AGTCGACGGTCTCAAG-1,4
AGTGAGCCTCGCCGCC-1,4
AGTGATATGAGTAGTT-1,4
AGTGCACGCTTAAGAA-1,4
AGTGTATTGCGCATTG-1,4
AGTTCCTACAGAATTA-1,4
AGTTCCTATTTATGTT-1,4
AGTTTCGCAGGTCGGA-1,4
ATAAGTAGGGCGACTC-1,4
ATAATAGTGTAGGGAC-1,4
ATACGCCGGCGAAACC-1,4
ATACTAGCATGACCCT-1,4
ATAGCAACTAGGGAAG-1,4
ATAGGGATATCCTTGA-1,4
ATCAAACACTGTTCCA-1,4
ATCAGACGGCACGCCG-1,4
ATCCTGCGTGGAATGG-1,4
ATCGCACGATTGTTCA-1,4
ATCGCTGCGTGCAGCA-1,4
ATCGCTTTACGTCTCA-1,4
ATCTGCACCTCTGCGA-1,4
ATCTTGACCTGCAACG-1,4
ATGACGCGTTCTATCC-1,4
ATGAGGGCAGCGGCTA-1,4
ATGCGACAGTCCCATT-1,4
ATGTAAGGCTGCTCTT-1,4
ATTAGATTCCTCAGCA-1,4
ATTATACTTTGCTCGT-1,4
ATTATTATGTCCGTCA-1,4
ATTCAGGACCTATTTC-1,4
ATTGCTGCTCCTCCAT-1,4
ATTGGGAATATCTTGG-1,4
ATTTCCGGGTTCTGCG-1,4
CAACCAGTGGCCTACC-1,4
CAAGAGGGCGGAGTAC-1,4
CAAGCAACGTCGGAGT-1,4
CAATCCTGCCGTGGAG-1,4
CACATGATTCAGCAAC-1,4
CACATTCTTTCGATGG-1,4
CACCCTTGGTGAGACC-1,4
CACCCTTTCCTCGCTC-1,4
CACCGCGTCCACTCTA-1,4
CACCGTTGCGCGATAT-1,4
CACCTAATAGAGTCGT-1,4
CACGCAGCGAGGCTTT-1,4
CACGGACGTGGATGGC-1,4
CACGGCGCGCCAAAGG-1,4
CACTCCTCTCGGTCGG-1,4
CACTGACGATTGTGGA-1,4
CAGAATAACACACGGA-1,4
CAGATATGAAGATGAC-1,4
CAGGCGCCATGCTAGG-1,4
CAGTCTCTCGGCTAAT-1,4
CAGTGTCGGCTGGCCC-1,4
CATAACGGACAGTCGT-1,4
CATACGGCGTCTGGGC-1,4
CATATACTACTGATAA-1,4
CATGAACCGACATTTG-1,4
CATGACTTCGCTGAAT-1,4
CATTGCGGGTCAATTC-1,4
CCAAACAGAACCCTCG-1,4
CCACCCAAGGAAAGTG-1,4
CCAGAGACAAAGCCGG-1,4
CCAGCTCGAACGCATT-1,4
CCAGTCTTGTCATAGA-1,4
CCCGACCATAGTCCGC-1,4
CCCGCAGCGCGAACTA-1,4
CCCGGTGGAAGAACCT-1,4
CCCTAGTGTCAGGTGT-1,4
CCCTGAAATGAGTTGA-1,4
CCCTGACTAACAAATT-1,4
CCCTGCGCTACGCATA-1,4
CCGAGAAGTCGCATAA-1,4
CCGCTTGCTGACATGG-1,4
CCGGAATGGTTTCAGT-1,4
CCGGAGCGTACTTTCT-1,4
CCGGCACGACCGTTTC-1,4
CCGGGCTGCTCCATAC-1,4
CCGTAAGTTGGTCCCA-1,4
CCTAACCCAAACAAGT-1,4
CCTACTGCTTACACTT-1,4
CCTAGGTAAAGGTAGC-1,4
CCTATGAAGTGGTGCC-1,4
CCTCACCTGAGGGAGC-1,4
CCTGAACGATATATTC-1,4
CCTGCGATAGAACTGT-1,4
CCTGTACTCACGCCCA-1,4
CCTTTGAATTATGGCT-1,4
CGAGTGAAGGTACCAG-1,4
CGCGAGTCTGCCGGGT-1,4
CGCGCATGTTTGATTG-1,4
CGCGGCAGTATTACGG-1,4
CGCGGTAAGTCTAGCT-1,4
CGGAGCATGGCGATCC-1,4
CGGATGAATGCTGTGA-1,4
CGGGAATTTATGTAAA-1,4
CGGGAGCTTCAGTGTA-1,4
CGGTCCGTCGCAAGCC-1,4
CGGTGCGCGTTGGTCC-1,4
CGGTGGGCTCCAGCCT-1,4
CGGTTATCCAACAGTG-1,4
CGGTTCAAGTAGGTGT-1,4
CGGTTCCGGCTTCTTG-1,4
CGGTTGACCTGGCATA-1,4
CGTAAAGCAAGAAATC-1,4
CGTATTGTTTCCTAAT-1,4
CGTCACGTCCATTGGT-1,4
CGTCATACCATATCCA-1,4
CGTCGGATAGTGTTGA-1,4
CGTGGTACCCAAAGGC-1,4
CGTTCTTCGCACACCT-1,4
CGTTTAAGCGGAGCAC-1,4
CTAACCGCGCGCCCGT-1,4
CTAACGAAACTTGCTG-1,4
CTAACTGATAATCGCC-1,4
CTAATTCTCAGATATT-1,4
CTACGCACGGAGTACC-1,4
CTACTATCTTTCAGAG-1,4
CTAGATTTACGACGGC-1,4
CTAGCCACAGGCGAGC-1,4
CTAGGCGCCCTATCAG-1,4
CTAGTAGAAAGGGATT-1,4
CTAGTCACGTCTTAAG-1,4
CTATCGCGTAGAGAAC-1,4
CTCAAACCACTGCCCG-1,4
CTCCTCCAGCTCACAC-1,4
CTCTACACTGGCGATT-1,4
CTCTATTTGGCTGCAG-1,4
CTCTTGTCCCGCTTGG-1,4
CTGAAAGAGATCCGAC-1,4
CTGCACAACTACATAT-1,4
CTGCCAAGGTTGGAAG-1,4
CTGCTTTATGTCCGCG-1,4
CTGGCTGATTCATCCT-1,4
CTGGTAACGAGCTCTT-1,4
CTGGTCATTCCAATCC-1,4
CTTACACTGGGAAATA-1,4
CTTAGCCCGGATAGTG-1,4
CTTCCGCTCCGTGAAG-1,4
GAAATGGGATGTAAAC-1,4
GAATAGTGCTCGATTA-1,4
GAATGCGAATCGGTTC-1,4
GAATGTGGTCCGGATT-1,4
GACAACGCAGCTTACG-1,4
GACAGATTTCTGGCTC-1,4
GACGGTCAATAGAAGC-1,4
GACGTGTAGGGATTAT-1,4
GAGCATCATCCCTGGG-1,4
GAGCGCTGTTAGGTAA-1,4
GAGGGCGCAGCTCTGC-1,4
GAGGTCCCAAAGATCT-1,4
GAGTTGTCACCAGTCT-1,4
GATATGGATTACGCGG-1,4
GATCGCTGTGGTGCGT-1,4
GATCTTCATTGTCCTC-1,4
GATGACAAGTAGGGCA-1,4
GATTCCTATACGGCGC-1,4
GCAAATATTACGCTTT-1,4
GCAACCACCAGACCGG-1,4
GCAAGTGTAAAGCATG-1,4
GCACAAACCCTAGATG-1,4
GCACAACCTCGGGCGT-1,4
GCACACGCCCATGGTC-1,4
GCAGCCTATATCACAT-1,4
GCAGTGCGGGCGGATG-1,4
GCATCGGCCGTGTAGG-1,4
GCATTTCCAAGGCTCC-1,4
GCCGCATTAGTCCGGC-1,4
GCCTATAGTGTCAGGG-1,4
GCCTATGCTGGGCCTT-1,4
GCCTCATCTGGAAATA-1,4
GCGCAAATATATTCAA-1,4
GCGGAGAAACTTCGCA-1,4
GCGGAGAGGGAGAACG-1,4
GCGGGAACCAGGCCCT-1,4
GCGGGCATTACGATGC-1,4
GCGTTCGGAGACCGGG-1,4
GCGTTCTGACTAAGCG-1,4
GCTAAGTAGTTTCTCT-1,4
GCTAGCGATAGGTCTT-1,4
GCTCTAAACCCTGACG-1,4
GCTCTATGTTACGTGC-1,4
GCTGAACTCTCCAGGG-1,4
GCTGAAGGGTTCTTGG-1,4
GCTGCTCTCCGGACAC-1,4
GCTGGCATATTCACCT-1,4
GCTGGTTTAGGCCATA-1,4
GCTTACGTAGTTAGTA-1,4
GCTTCCAGCTTAGATT-1,4
GCTTGGATCGATTAGG-1,4
GCTTTCAGAGGAGGTG-1,4
GGAACTTTGGCGATTA-1,4
GGAATGCGCTAGCGTG-1,4
GGACTAAGTCAGGAGT-1,4
GGACTCGACAGCGCAT-1,4
GGAGACGACACCTTTG-1,4
GGAGGGCTTGGTTGGC-1,4
GGATCATCCCGTACGC-1,4
GGATCCGGAATATACT-1,4
GGCATACAGGTAGCGG-1,4
GGCATATCGGTTCTGC-1,4
GGCCCGTATACCATGC-1,4
GGCTATTAAGTTGTAT-1,4
GGCTCTGCTCCAACGC-1,4
GGGAGAACTCACAGTA-1,4
GGGATACGGTAATAAT-1,4
GGGCCATTCGTGCTGG-1,4
GGGCCCTTATCTATAC-1,4
GGGCCGGCCGAAGTAC-1,4
GGGCGGCAAATGAATT-1,4
GGGCGGGTTCCCTACG-1,4
GGGCGTACATTTATAT-1,4
GGGCGTGGTTTCCCAG-1,4
GGGCGTTTACATTCAT-1,4
GGGTATGTATGCACTT-1,4
GGGTTAACATTTGAGT-1,4
GGGTTCAGACGAACAA-1,4
GGTACACCAGATTTAT-1,4
GGTACATCTGGGACGA-1,4
GGTAGTGCTCGCACCA-1,4
GGTCGGATAAACGGCG-1,4
GGTGAACGGGCTAGCC-1,4
GGTGAGATGCAGATAA-1,4
GGTGCTGATCACAAAG-1,4
GGTGGAGGTTGATACG-1,4
GGTTGTGTAGCCTGGC-1,4
GGTTTGTGACCTGAGG-1,4
GTAAGTAACAGTCTGG-1,4
GTAAGTAGGGTATACC-1,4
GTAAGTCCACACTCTA-1,4
GTACAGAGGCAAGGGT-1,4
GTACTGGAGTTAGACC-1,4
GTAGAAACGGGTGGAG-1,4
GTATCTTTCATAACCA-1,4
GTATTAAGGCGTCTAA-1,4
GTATTCTGAGAAACGA-1,4
GTCAGAATAGTCTATG-1,4
GTCCAATATTTAGCCT-1,4
GTCGTCTGGTTGGCTA-1,4
GTCTATTGGTTCCGGT-1,4
GTCTCGACTAAGTTTG-1,4
GTCTTGTAGCTATTCA-1,4
GTGACGAGGGTGACCC-1,4
GTGAGGACACTTAAGG-1,4
GTGATCATAGATCTGC-1,4
GTGATTCGCCGCTCAA-1,4
GTGCCATCACACGGTG-1,4
GTGCTCAAGTACTGTC-1,4
GTGTACCTTGGCTACG-1,4
GTGTGAATAACTTAGG-1,4
GTGTTACTATGCGTCC-1,4
GTTAAAGTAGGACTGG-1,4
GTTAATGTCTATCTTA-1,4
GTTATTAACGTGGGAG-1,4
GTTCACAGGAGTCTAG-1,4
GTTGCACGGAGTTTCG-1,4
GTTGGTCATGCTATCC-1,4
GTTTCATATCGTCGCT-1,4
TAAAGAGCCCGAAACC-1,4
TAAAGCGTTAGGAGAA-1,4
TAAATCTTTACACCTC-1,4
TAACAAAGGGAGAAGC-1,4
TAACCTACCGTCCGAG-1,4
TAACTCATCCGCGCGG-1,4
TAATCAACCAAATGGG-1,4
TACACCGTCGTTAGTC-1,4
TACCGTGCCTCGGACC-1,4
TACGAGAACTTCACGT-1,4
TACGCAGTTCTTTCCT-1,4
TACTCGGCACGCCGGG-1,4
TAGATTCAAAGTGCGG-1,4
TAGCCAGAGGGTCCGG-1,4
TAGCGTTGGGTCTTAC-1,4
TAGGCATGTTACGCCA-1,4
TAGGTCGCCGGAACTG-1,4
TAGGTGCTCGCCTAGC-1,4
TAGGTTCGAGTTCGTC-1,4
TAGTCCTGCACTAAGC-1,4
TATAGGGTACTCATGA-1,4
TATATCCCTGGGAGGA-1,4
TATCACTTCGAGTAAC-1,4
TATCGATGATTAAACG-1,4
TATCTACAGAGGTAAT-1,4
TATGAAGACAGGTGCG-1,4
TATGATCCGGCACGCC-1,4
TATGCTCCCTACTTAC-1,4
TATGTCAAGACCGACT-1,4
TATTCAATTCTAATCC-1,4
TATTCCACTCAGCTCG-1,4
TATTTGATTTGCACAG-1,4
TCAAACTTAGATTGTT-1,4
TCAAGCGCGGACGGTA-1,4
TCACAGGTTATTGGGC-1,4
TCACGCATTGTAGATC-1,4
TCACTCTTCGTCTGTC-1,4
TCAGAACCTCCACAGG-1,4
TCAGCAGTAGGCCCTG-1,4
TCAGGGTGTAACGTAA-1,4
TCCAATAAAGGCTACC-1,4
TCCACTTTATCTAGGT-1,4
TCCAGATGTACGCCAA-1,4
TCCAGGCGAGTACGGT-1,4
TCCCGCCTATGTGCGT-1,4
TCCCTGGCGTATTAAC-1,4
TCCGCAGCCACCTAGC-1,4
TCCGGCCTAGCGTACA-1,4
TCCGTTAAGCTAATAT-1,4
TCGACAACTGAACCCG-1,4
TCGATAGGCTAGTCGC-1,4
TCGGATCTGGATGACC-1,4
TCGGGAACGTGCCTAG-1,4
TCGGTCCCGACAATAG-1,4
TCTAGTGATATCGTGG-1,4
TCTCCACAAGTTGAAT-1,4
TCTCTTACCGCGAACC-1,4
TCTGAACCGGTCGGCT-1,4
TCTGATGTATTCTGTC-1,4
TCTGCTTAGAACAAGC-1,4
TCTGGGAACCTTTGAA-1,4
TCTTAGAGTGAACTCT-1,4
TCTTCGAATAGACGTT-1,4
TCTTCGATACCAATAA-1,4
TGAACAAGCAGGGACT-1,4
TGACCCACGTTAGACA-1,4
TGACTATAATCCTTTC-1,4
TGAGTTAAAGACATTC-1,4
TGATCGGTTTGACCCT-1,4
TGATGGCTGTTTCTGA-1,4
TGATGTCAATTAAGTG-1,4
TGATTCTGTCGCCGGT-1,4
TGCAGGATCGGCAAAG-1,4
TGCATATGTCTGTCAC-1,4
TGCCATTACTAAAGAA-1,4
TGCCGAAAGCGTATTC-1,4
TGCCGGATGTACGAGC-1,4
TGCCGTGGATCGTCCT-1,4
TGCCTAAATTTAATAG-1,4
TGCGAGAATATTACCC-1,4
TGCGGAGTAAAGGTGC-1,4
TGCGGCATAGTTCAAC-1,4
TGCTTAGAGAGAATGC-1,4
TGGACGTAGGCGAATC-1,4
TGGAGGGAAACACCTC-1,4
TGGCCAATTTGGTACT-1,4
TGGCCGTATATTGACC-1,4
TGGCTTTGGGTAGACA-1,4
TGGGCCACAAGAGCGC-1,4
TGGGCCCATACTAATT-1,4
TGTAGTGATCTATAAT-1,4
TGTATACGGATGATGA-1,4
TGTGGTTGCTAAAGCT-1,4
TGTGTCGCGAGTTGCA-1,4
TGTTCATAAATGTGCT-1,4
TTAACGAACAAGCAGT-1,4
TTAAGGCCCGTACTTT-1,4
TTAGCTGATTTGCCGT-1,4
TTATATTTGGCAATCC-1,4
TTATCCTCAAGGAATA-1,4
TTCACTCGAGCACCTA-1,4
TTCAGCTGGCGTGCCC-1,4
TTCCAATCAGAGCTAG-1,4
TTCCGGCCTTGAGGCT-1,4
TTCGGGCGCTAGTCTT-1,4
TTCGTTCAACGAAGTT-1,4
TTCTATGCCTTTCGCA-1,4
TTCTTGCTAGCATCTC-1,4
TTGAAGAATTCCCAGG-1,4
TTGACCGTGTTAATGA-1,4
TTGAGTCCCGCTGCTG-1,4
TTGCCATAGCCCGCTC-1,4
TTGCCGCTTTCTAGTA-1,4
TTGCCTAATCCAAAGT-1,4
TTGCGTCGGCCAACCG-1,4
TTGCTGATCATGTTCG-1,4
TTGGACCATCTGGCAA-1,4
TTGGTATGGCTTGTGT-1,4
TTGGTTGCGGTGCGCG-1,4
TTGTTTCATTAGTCTA-1,4
AAACAGCTTTCAGAAG-1,5
AAACATTTCCCGGATT-1,5
AAACGAGACGGTTGAT-1,5
AAACTCGTGATATAAG-1,5
AAAGCTTGCCTACATA-1,5
AAAGTCACTGATGTAA-1,5
AAAGTCGACCCTCAGT-1,5
AAATAAGGTAGTGCCC-1,5
AAATGGCCCGTGCCCT-1,5
AAATTACCTATCGATG-1,5
AACACGAGACGCGGCC-1,5
AACGCGAACGGCAACA-1,5
AACTTTACGGGAGCTT-1,5
AAGAGGATGTACGCGA-1,5
AAGAGGCATGGATCGC-1,5
AAGCACCCTGCGTATC-1,5
AAGCATACTCTCCTGA-1,5
AAGGATCGATCGCTTG-1,5
AAGGCAGGCTGTCTCC-1,5
AAGTGCAAAGGTAGAC-1,5
AAGTGCGTTAGAATCT-1,5
AAGTTCAGTCTGCGTA-1,5
AATAATCTTCGTATCG-1,5
AATAGCTACCGCGTGC-1,5
AATGGTCCACCGTTCA-1,5
AATTACGAGACCCATC-1,5
ACAAATGGTAGTGTTT-1,5
ACAACAGCATGAGCTA-1,5
ACAATTTAGGAGGCTC-1,5
ACAATTTGGCCATATT-1,5
ACACATTGACGCAACA-1,5
ACCAACACCACACACT-1,5
ACCATCCGCCAACTAG-1,5
ACCCGATTGGTTCCGA-1,5
ACCCGGAAACTCCCAG-1,5
ACCCGTGTCATCAGTA-1,5
ACCGCGGTGGAAGTCG-1,5
ACCTAATCGACTTCCT-1,5
ACCTACAGTATGTGGT-1,5
ACCTCCGTTATTCACC-1,5
ACGAAATGGGCGGCAC-1,5
ACGACTGGTCATACTC-1,5
ACGCCGCTAGACGACC-1,5
ACGTTCGCAATCAATT-1,5
ACTACGCGTTAGAATT-1,5
ACTATTTCCGGGCCCA-1,5
ACTGTGCTAGTAGATC-1,5
AGAAGGTTGCCGAATT-1,5
AGATACGACTTCATAT-1,5
AGATGACTCGCCCACG-1,5
AGCTCTTCGTAACCTT-1,5
AGGACGACCCATTAGA-1,5
AGGAGAGTCTGGCTAC-1,5
AGGATCACGCGATCTG-1,5
AGGATTGCTTACGACA-1,5
AGGCGGTTTGTCCCGC-1,5
AGGGTGCTCTCGAGGG-1,5
AGGGTGGATAGTGCAT-1,5
AGGGTTCCCTTTGGTT-1,5
AGGTATAATTGATAGT-1,5
AGGTGGTGACCTTCGC-1,5
AGTAATGTCTTGCCGC-1,5
AGTATAATACTAGGCA-1,5
AGTGAGACTTCCAGTA-1,5
AGTTAAGTCAACCGCT-1,5
AGTTGCGGTCCTCAAC-1,5
ATAAACGGACCCGTAA-1,5
ATAACGCCGGAGGGTC-1,5
ATAAGTAGGATTCAGA-1,5
ATACTGCCTTACACCG-1,5
ATAGCCTCAGTACCCA-1,5
ATATTGCTGTCAAAGT-1,5
ATCGTGGAAAGTCTGG-1,5
ATCTTAGGGCATTAAT-1,5
ATGACGCCGGCTCTAA-1,5
ATGCATGATCCAGGAT-1,5
ATGGCGGAATAGTCGC-1,5
ATGTGAAAGCCTAATG-1,5
ATGTGCATCCGACGCA-1,5
ATGTTTCGGCCCGGAG-1,5
ATTACGGGCTACGGTT-1,5
ATTAGGCGATGCTTTC-1,5
ATTATAGCTACTTTAC-1,5
ATTCACTGATGTTGGA-1,5
CAACACATCTCCTGCC-1,5
CAAGACTCAGAAGCGC-1,5
CAATGAGGTTCGACTA-1,5
CACCGGTAGAGACATT-1,5
CACCTTGGCGCCTTTG-1,5
CAGACACCGATCGCTG-1,5
CAGCTCGTGCTTGTGT-1,5
CAGTAGCCCACGCGGT-1,5
CATACTTAGGCAATAC-1,5
CATAGTCCACAAGAAC-1,5
CATCGTCCGGTTACTA-1,5
CATCTATCCCGTGTCT-1,5
CATGATGGAAGTTAGC-1,5
CATGCGACCAGTTTAA-1,5
CATGTCTCATTTATGG-1,5
CATTCCCATTCCGTCG-1,5
CATTGATGAACACGCC-1,5
CATTGCGAAATGGGCG-1,5
CCAATTACGGGTCGAG-1,5
CCACGGTGCCCGGTAG-1,5
CCAGCCTGGACCAATA-1,5
CCATTGTTTCCTCCAT-1,5
CCCAGTTAAGGCGCCG-1,5
CCGACAAAGGGAGTGC-1,5
CCGACAATAGGCCGCC-1,5
CCGACGGGCATGAGGT-1,5
CCGCACAAAGACCAAC-1,5
CCGTGGAACGATCCAA-1,5
CCTATGGGTTACCGTC-1,5
CCTGACCACCGATGGT-1,5
CCTGTCGCCCGTAAAT-1,5
CCTTTCAATGAAGAAA-1,5
CGAACCCGCATGCGTC-1,5
CGAACGCCCAGTGCCG-1,5
CGAAGCCACAGCATGG-1,5
CGAGGCTAAATATGGC-1,5
CGATAATACTCAGGTT-1,5
CGCACATGTCCACTAC-1,5
CGCCATCCGATTATGA-1,5
CGCCGTTCAGCATAGT-1,5
CGCCTTTAGCATGCTC-1,5
CGCGGCTCAACTTGAA-1,5
CGGAAAGCAAATGTGC-1,5
CGGAACGTAAACATAG-1,5
CGGCAGGGTCGGGTTG-1,5
CGGGTGTACCCATTTA-1,5
CGTCTTGAGTGTGACG-1,5
CGTGTGTTAAACCCTG-1,5
CGTTGTAAACGTCAGG-1,5
CGTTTACAAGGCAGCT-1,5
CGTTTCACTTCGGGCG-1,5
CGTTTCGCTCATTACA-1,5
CGTTTGTGTAGAGGGT-1,5
CTACAAGAAATAACCC-1,5
CTACATATCGCGGGAC-1,5
CTATAAGAGCCAATCG-1,5
CTCTCACAATCGATGA-1,5
CTCTGCAGGCATTCTT-1,5
CTGAGCGAGACTTATT-1,5
CTGCCTCATATGCAAC-1,5
CTGCCTTTAATACCTT-1,5
CTGGCGCACAGGTCTG-1,5
CTTCTATGTTGAAGTA-1,5
CTTGTGCTCACCGATT-1,5
GAACCTCGACCTACAC-1,5
GAAGTTTCCACTCAAT-1,5
GAATCGCCGGACACGG-1,5
GAATGTATGGCAGGTC-1,5
GACGTTCGTAAATACA-1,5
GAGTCGACAGACCCTC-1,5
GATACCGTGTCGGAGT-1,5
GATCCGGGAATTAACA-1,5
GATCCTCGACACTGGC-1,5
GATCGTGACTGATATC-1,5
GCAACGGCTAGTTATG-1,5
GCAAGTGCACAGAGAA-1,5
GCAATTAGTCGCACCG-1,5
GCAGAAGGTAATCTCC-1,5
GCAGGACTATAGAATA-1,5
GCAGTTCGATCCGAGC-1,5
GCATTCAAGGCAACGC-1,5
GCCAAGAATACTTCTG-1,5
GCCATATTGCACACAG-1,5
GCCTAGCGATCTGACC-1,5
GCGAAACTTAACTGGA-1,5
GCGACATGTAAACATC-1,5
GCGAGGCCCGAGCAGA-1,5
GCGCTGATCCAGACTC-1,5
GCTAGCACCTGGGCCA-1,5
GCTCCCAGTCGGTCCA-1,5
GCTCGCTCATGTCCAA-1,5
GCTGCACGGTTTCTTA-1,5
GCTGTTGCTACCGAAC-1,5
GGAGACCAATGTGCTT-1,5
GGCACTCAGCCGACCC-1,5
GGCAGCGGTAATCCTA-1,5
GGCCCGGAGCATGTCT-1,5
GGCTAAAGGGCGGGTC-1,5
GGCTACTATACACTCC-1,5
GGGAGTAATGGCTGGC-1,5
GGGCGATATGTGTGAA-1,5
GGGCGCAGCGTTACTC-1,5
GGGCGTCCACTGGCTC-1,5
GGTGTTGGGCGTCTTA-1,5
GGTTTACAATCTCAAT-1,5
GTAACTTGCGGCAGTC-1,5
GTAATAAAGGGCTCCC-1,5
GTCACTCTCCAAATCT-1,5
GTCATTAGAGCGAACG-1,5
GTCGGATATCTCAGAC-1,5
GTCGTGTCTGGTCATC-1,5
GTGAAACGTGCTCCAC-1,5
GTGAACTCCCATTCGA-1,5
GTGAAGCCGTATAGTC-1,5
GTGACCTAAAGAATAA-1,5
GTGCTTACATCAGCGC-1,5
GTGGCGGTCCCAGCGT-1,5
GTGTACGAACCGTTCC-1,5
GTGTATATCAGCGGGC-1,5
GTTAACTATGTTGTCA-1,5
GTTAGCCGTAAATCAA-1,5
GTTGCGCTAACATTAC-1,5
GTTGGATTGAGAACAC-1,5
GTTTCAAACGAGTTGT-1,5
GTTTCTGCAGTCTCCC-1,5
TAAAGCTGCAATAGGG-1,5
TAAGGCAACATAAGAT-1,5
TACAAGTCTCGTGCAT-1,5
TACATGACCTTATCCG-1,5
TACATGCCGGAATTGT-1,5
TACGATGTTGATCATC-1,5
TACGCCATATTCTAAT-1,5
TACGTGCACTATGCTG-1,5
TACTTGTTAGTAGTCC-1,5
TAGAAAGGTGGCGCTA-1,5
TAGCCGGCGGTCAGCG-1,5
TAGTAGCTTATACCAG-1,5
TAGTCCCGGAGACCAC-1,5
TAGTCGGGATTCTTCG-1,5
TAGTTTATTCTTGCTT-1,5
TATACACAGACGCCTT-1,5
TATACCGAGTGCCACA-1,5
TATCTTGCAATACAAC-1,5
TATTCGTGCCAGAATA-1,5
TATTGACATTTCTGCC-1,5
TCAAGCTGCCTTGAAA-1,5
TCACAGCAAACTCGAA-1,5
TCAGTACTGACCCGCG-1,5
TCATGCAGGTTCTCAT-1,5
TCCCAGCACACGACAT-1,5
TCCCGGTCAGGAATTT-1,5
TCCCGTCAGTCCCGCA-1,5
TCCCGTCGCGTCATAG-1,5
TCCCTTAGATTACTCG-1,5
TCCGAATGGTCCTGAG-1,5
TCCTAGCAAAGAAGCT-1,5
TCCTCGGGCTGGGCTT-1,5
TCCTCTCCAGTTGTCC-1,5
TCGGACGCCCAGCCCA-1,5
TCGTAAGCTCCGAGGA-1,5
TCTACCCAATAGAGAG-1,5
TCTAGCATCTTCGATG-1,5
TCTAGGTGGCGACGCT-1,5
TCTGAGCAATTGACTG-1,5
TCTGGCCGTTCAAGTT-1,5
TCTTTAGCAGGCGAAC-1,5
TGAAAGGACCTGACTC-1,5
TGATTCGTCTATCACT-1,5
TGCCAATGGGTACTCT-1,5
TGCCCGTACCGTTAAA-1,5
TGCTCGGCGAAACCCA-1,5
TGGAACCACTGACACA-1,5
TGGAATATCCTTGACC-1,5
TGGACCACGGCGTTGA-1,5
TGGCAACTCGCGCGCC-1,5
TGTCATTTGTTGGGAA-1,5
TGTGGTAGGGTGCCTT-1,5
TTAATGTGTTTGCAGG-1,5
TTACAGACCTAAATGA-1,5
TTACTGTCTAGAGCTC-1,5
TTAGACACGATCGTTG-1,5
TTAGGATGGGAGGGTA-1,5
TTCCGGTATCTGTGTC-1,5
TTCGCTAGGAAGTTGT-1,5
TTCTTGTAACCTAATG-1,5
TTGAATATGGACTTTC-1,5
TTGACGATTCAGCACG-1,5
TTGAGCAGCCCACGGT-1,5
TTGAGCGCCACGTGAT-1,5
TTGATCTAACTTTGTC-1,5
TTGCATGCTGATCACG-1,5
TTGCCAAGCAGAACCC-1,5
TTGCTGAAGGAACCAC-1,5
TTGGATCGACTTCTGG-1,5
AAACCCGAACGAAATC-1,6
AAATAGGGTGCTATTG-1,6
AAATGCTCGTTACGTT-1,6
AACGATATGTCAACTG-1,6
AACTAGGCTTGGGTGT-1,6
AACTCCAGAGCGTGTT-1,6
AATCGCGCAGAGGACT-1,6
AATTAACGGATTTCCA-1,6
AATTAGCGCTGCAGCG-1,6
AATTGAACGCTCTGGT-1,6
ACACACCAGGACCAGT-1,6
ACAGAACTGAGAACAA-1,6
ACCAATATGCAAGTTA-1,6
ACCACAAGTTTCTATC-1,6
ACCACCAATGTAACAA-1,6
ACCCATTTGTCCCTCT-1,6
ACCGAAAGGGCCCTGC-1,6
ACCGGGCCTTTGTTGA-1,6
ACCTAAGTACCTTTCA-1,6
ACGAGGATACCACTCT-1,6
ACGCAAACTAATAGAT-1,6
ACGTGCGCCTCGTGCA-1,6
ACGTTAGATTTGCCCG-1,6
ACTCCCTAATGCTAAA-1,6
ACTTCAGGCTGATCCC-1,6
AGACCATGGGATACAA-1,6
AGATACTCAAGATCGA-1,6
AGCGACATCCCATTCA-1,6
AGGAAGCTGTCCGCCG-1,6
AGGCCACATTGGTTAC-1,6
AGGCTTGCTAGACACC-1,6
AGTCTGGACATCCTTG-1,6
AGTGACCTACTTTACG-1,6
AGTTCTGCGTTGTATC-1,6
ATACCACGGGCAACTT-1,6
ATATGTCTCCCTAGCC-1,6
ATGCGAGTCCCACCAC-1,6
ATGGCAGCCGAGAAAC-1,6
ATTCATCGTTGAGGCA-1,6
ATTCGACGCCGGGCCT-1,6
ATTCGTGCTATCTCTT-1,6
ATTGATGAGTCCTAAC-1,6
ATTGTACAACTCGGCT-1,6
CAAGTGTGGTTGCAAA-1,6
CAATATTGGACTAGTG-1,6
CAATGCGAGAAGTATC-1,6
CACAATGAGCTGCTAT-1,6
CACATATTAGCAGGAT-1,6
CACTCAAGAGCTATGG-1,6
CACTTCGTCTTATCTC-1,6
CAGAACTTAGCCCTCT-1,6
CAGACCTGTAAGTGTT-1,6
CAGCCTCCTGCAGAGG-1,6
CATACTATGTAATTGT-1,6
CCACACTGAGATATTA-1,6
CCACTGGTGGCTGGTT-1,6
CCAGGCTGGCGTCTGA-1,6
CCATTAGCGATAATCC-1,6
CCATTCCCTGCCCACA-1,6
CCCAATTTCACAACTT-1,6
CCCGGGTCGTTCAGGG-1,6
CCCTTTAATGGAGTTC-1,6
CCGAACCTTCCCGGCC-1,6
CCGCGGAATGCGTCAC-1,6
CCGCTTACCTCACTCT-1,6
CCGGCGTGAGACTCTG-1,6
CCTACGGCTCAGTCGA-1,6
CCTCGCCAGCAAATTA-1,6
CCTGGTCGAATGTGGG-1,6
CCTTGACCACTTTATT-1,6
CGAATGACGCATAATG-1,6
CGATTAAATATCTCCT-1,6
CGCAATTCTACAATAA-1,6
CGCAGGCGATCCAAAC-1,6
CGCCACAGGTCGCGAT-1,6
CGCTTCCACTGAAATC-1,6
CGGCAAACATCGTGCG-1,6
CGGCGCCATCAATCCC-1,6
CGGGAATATAGTATAC-1,6
CGTTAAACTAGTTAGG-1,6
CGTTAATGTCCCGACG-1,6
CTACGTGTTGCCACCA-1,6
CTAGTGAAGGACAGGA-1,6
CTCATTTGATGGGCGG-1,6
CTCGTTTCTAATGTTT-1,6
CTCTCGCTGTACTATG-1,6
CTGAGCAAGTAACAAG-1,6
CTGATAGTGTATCTCA-1,6
CTGGAAATGGATGCTT-1,6
CTGGACGCAGTCCGGC-1,6
CTGTATGGTGTAGAAA-1,6
CTGTGGTCGGGAGATA-1,6
CTTAACTTCGAAGTAC-1,6
CTTCTTACGTCGTATA-1,6
CTTGCCCAGGCTCTAC-1,6
CTTGTTGCTGAGTCAA-1,6
CTTTCTGTGCGGGCTT-1,6
GAAACTCGTGCGATGC-1,6
GAAATGGCGGTGTTAG-1,6
GAAATTGTCTCTATAA-1,6
GAACCCTCTGTGTTCT-1,6
GAACCTTTAACGATCC-1,6
GAACGATAAGTTAAAG-1,6
GAAGGAGTCGAGTGCG-1,6
GAATCGACATGGTCAC-1,6
GACACGAGTTAGAGGA-1,6
GACACTGAGTTCAGTG-1,6
GACAGCCAGACCTGAC-1,6
GACCAGAGCCCTGTAG-1,6
GACCGATTAAATATGT-1,6
GACCGTGCTGACGGTG-1,6
GAGATCTTCCATGACA-1,6
GAGGAATGGAGAGGTT-1,6
GAGGCCCGACTCCGCA-1,6
GATAGGTGTCCCGGGC-1,6
GATATTGAGATTGGCG-1,6
GCAACCACGGCCGCGT-1,6
GCATTCGAAATGAACA-1,6
GCCAATAGGGCATCTC-1,6
GCCGCTTGTGAGAAAC-1,6
GCCTATTTGCTACACA-1,6
GCCTCTATACATAGCA-1,6
GCGTAAATGGCCATAA-1,6
GCTAACTGAAGTCTGA-1,6
GCTAGCTTGAATAGCT-1,6
GCTATCGCGGCGCAAC-1,6
GCTCTCGGGTACCGAA-1,6
GCTGGCGGCGCATGCT-1,6
GCTTAATGTAACTAAC-1,6
GCTTGATGATAATCAG-1,6
GGACCAACAGGATAAC-1,6
GGAGCAACATTTCAAG-1,6
GGCACTCCACTGGGCA-1,6
GGCGAAATCTAACTTG-1,6
GGCGGAGTAATATTAG-1,6
GGGCCCGTCTTAAACA-1,6
GGGCCTAAATGGGCTA-1,6
GGGCGTCACCACGTAA-1,6
GGGCTACTATTTCGTG-1,6
GGTTAGTTACGGCGCC-1,6
GTAGCTTCCTCTTGTT-1,6
GTATCAGCTTGGGTTC-1,6
GTATGAAATTTCACTC-1,6
GTCCATTACTGCTACG-1,6
GTCCTACAGGCGGCTC-1,6
GTCTCAAGGCCCGGCT-1,6
GTCTCCTGCCAGTATG-1,6
GTCTCGATCTGCTTTC-1,6
GTGGGCTTAGACACAC-1,6
GTTAACATCACTTAAA-1,6
GTTCATCGTTTGGCTG-1,6
GTTCGGATCGGGAACA-1,6
GTTTATGGGATTTAGA-1,6
TAAAGACAACCCTTTA-1,6
TAAATGAATCCGTTTC-1,6
TAACTGAAATACGCCT-1,6
TAGAATAGCCGATGAA-1,6
TAGCAACCTGTCACAA-1,6
TAGCGTCCCTCGATTG-1,6
TAGCGTCCGGTGTGGT-1,6
TAGCTCGCCTGATAAC-1,6
TAGGTGTTCCACAGAT-1,6
TAGTCTGTGACGTTGC-1,6
TATAGAGTCGCTTGAA-1,6
TATTAACACCAAAGCA-1,6
TATTCCGAGCTGTTAT-1,6
TCAACGCAGGAAATAA-1,6
TCACCCTCTTAAGATT-1,6
TCAGACGCTATAGAAG-1,6
TCAGTAGGGACTATAA-1,6
TCATCACTCGAGCTCG-1,6
TCATTTAGAAGTGTGA-1,6
TCCAGGGTATATACGA-1,6
TCCCGGGTGTGCTGCT-1,6
TCCCTGGCTCGCTGGA-1,6
TCCTTACGACGGTCCG-1,6
TCGGAGTACATGAGTA-1,6
TCGGGATTCAAACATA-1,6
TCGTAAGACGACATTG-1,6
TCTAAAGAACAGTCTC-1,6
TCTAGTTATCAGAAGA-1,6
TCTCATGAGATAGGGT-1,6
TCTTACTTATGCCTCT-1,6
TCTTCTATAACCCGCC-1,6
TGACCAAATCTTAAAC-1,6
TGATCTCCGGCGCCAG-1,6
TGCAGCTACGTACTTC-1,6
TGCCTGATCAAACGAT-1,6
TGGCAATGGGACGGCG-1,6
TGGCAGATTACGATCA-1,6
TGGCGACTGCTCCAAA-1,6
TGGTCTGTTGGGCGTA-1,6
TGTCTACAGTTTCTGT-1,6
TGTGGCGGGCTTCTGG-1,6
TGTTCTTCCATTGACT-1,6
TGTTGCCGTCGTCCCA-1,6
TTAACACCTCGAACAT-1,6
TTACCCTAACAGTCCT-1,6
TTAGAATAAGGGTCGG-1,6
TTATGAATGAAAGGGA-1,6
TTCCCGGCGCCAATAG-1,6
TTCCTCGGACTAACCA-1,6
TTGACATGAACGTGGA-1,6
TTGATAGTCAATACAT-1,6
TTGGCTCGCATGAGAC-1,6
TTGTGGTAGGAGGGAT-1,6
TTGTGTTTCCCGAAAG-1,6
AAAGGGCAGCTTGAAT-1,7
AACAGGATGGGCCGCG-1,7
AACCGCTAAGGGATGC-1,7
AACCTTTAAATACGGT-1,7
AAGAGGCCCTTTGGAA-1,7
AAGGAGCGGTTGGTGC-1,7
AATATCGAATCAATGC-1,7
ACAACGGTCCCTGCGA-1,7
ACATCAGCTGGGACGC-1,7
ACCAACGCTTATTTAT-1,7
ACCCGAGCGAAATTAC-1,7
ACCGACTGAGTCCCAC-1,7
ACCTCCGCCCTCGCTG-1,7
ACGAGGTTTACAACGT-1,7
ACGCGTTTCTTAAGAG-1,7
ACGTAGATTGCTGATG-1,7
ACTACCAGCTCTCTGG-1,7
ACTAGTTGCGATCGTC-1,7
ACTCGTCAGTAATCCC-1,7
AGAAGGTACACTTCAC-1,7
AGAGATCTCTAAAGCG-1,7
AGAGTAAACTTCACTA-1,7
AGGCCCAGTGACTGGT-1,7
AGTTACCCTTAAGACT-1,7
ATAAAGGCTCGGTCGT-1,7
ATACCTAACCAAGAAA-1,7
ATATCGTTCCTCGAAC-1,7
ATCACTTCATCCTCGC-1,7
ATCCAATGGTACCGAA-1,7
ATCGCACGCCGGGAGA-1,7
ATCTTTCGTATAACCA-1,7
ATGATCGGGAATAGAC-1,7
ATTAATGAACCAGTCG-1,7
ATTAATTCGGTCACTC-1,7
ATTCAAAGTACCTGTT-1,7
ATTTACTAAGTCCATT-1,7
CAAAGTCAGGTTAGCT-1,7
CAAATTGTCAGCAAGC-1,7
CAAGGATCGCATGTTC-1,7
CACATTTCTTGTCAGA-1,7
CACTCCTATGTAAGAT-1,7
CACTTAATCAGACGGA-1,7
CATACCCGTACCCAGT-1,7
CATTATGCTTGTTGTG-1,7
CATTCCCTAAGTACAA-1,7
CATTGTGTGCTAGATC-1,7
CCATATTGGATCATGA-1,7
CCATGGCCCTTGTACC-1,7
CCCGAAGTTTCGCGAA-1,7
CCCGTAAGTCTAGGCC-1,7
CCCGTAGCTGGGAAGA-1,7
CCGAAAGTGGTGAGCA-1,7
CCGCATGTGGTACGAT-1,7
CCGGGACCCGCAGAGA-1,7
CCGTAGGGTTGTTTAC-1,7
CCTATAATGAGTGCCC-1,7
CCTATGTCCACTCCAC-1,7
CCTCCGACAATTCAAG-1,7
CCTCTATCGATTAGCA-1,7
CCTGCGTTCTACGCTT-1,7
CCTGGAAACGTTCTGC-1,7
CCTGGCTAGACCCGCC-1,7
CGAATCTGCTCGACGC-1,7
CGAGAGATGTGAACCT-1,7
CGATGGACCCTACGCC-1,7
CGCAGATCTTCACCCG-1,7
CGCGACCGCGACAGAT-1,7
CGTGTCCCATTCGCGA-1,7
CTAATTCGCACGCGCT-1,7
CTAGGTCTGAAGGAAT-1,7
CTCGGTCCGTAGCCTG-1,7
CTCTAATGCATTGATC-1,7
CTGAATTTATTGCCAG-1,7
CTGACTGCGCAGCTCG-1,7
CTGCTGAGGCCACGAA-1,7
CTGGGTTGAGTTAAAG-1,7
CTGTTACCCAATCTAG-1,7
CTTCAACTCCACTTGG-1,7
CTTTGGCTTTAGTAAA-1,7
GAAATCGCGCGCAACT-1,7
GAATAGACGCGACCCA-1,7
GACAGGCACACACTAT-1,7
GACATACTGTCGCAGA-1,7
GACATCGATTTATAAC-1,7
GACGCTTGCTTCTAAA-1,7
GACGTGAGACTCCATG-1,7
GACTAAGATCATGCAC-1,7
GAGCGCGCACGAGTAG-1,7
GAGGATAAACAGTGCT-1,7
GAGTAGATACTAGTTG-1,7
GATACGATGGGAGTCA-1,7
GATATCAGTATGTATC-1,7
GCAAACCTTGGCCATA-1,7
GCAAATGAGGACACTT-1,7
GCAGATCCTCGCAAAT-1,7
GCATACGAGGTCTTTA-1,7
GCCAGGCTTAGTGGTA-1,7
GCCCGCGCGTAAACGG-1,7
GCGAAACGATCGGGAG-1,7
GCTACAATCGAGGATA-1,7
GGAACCTTGACTCTGC-1,7
GGAACGGCCTGCAGCC-1,7
GGAGGGTCAAGTAAGA-1,7
GGATTGCTGTGACTCC-1,7
GGCGAGCGAAACGGCA-1,7
GGCTGGCTAGCTTAAA-1,7
GGTTAGGCTTGGAGAA-1,7
GTCAAAGAAGTGGTGT-1,7
GTCAATGCTATAATTT-1,7
GTCGGGAAGCAGAAAC-1,7
GTGACTTCAGTAGTGC-1,7
GTGAGCGTGCTGCACT-1,7
GTGAGTCTAAGACGGA-1,7
TAACAATATTTGTTGC-1,7
TAACCTAGGGAGTCCA-1,7
TAACGCTTTGAGAGCG-1,7
TACATTTCTAACGTGC-1,7
TACGAACACGACTTCA-1,7
TAGGGAGCTTGGGATG-1,7
TAGGTGACGATAACCT-1,7
TAGTGCTTGAATCCTT-1,7
TATCACCCAACCGACC-1,7
TATCCATCTCGGTTAG-1,7
TATGGCCCGGCCTCGC-1,7
TATGGTTAGTGGGAGA-1,7
TATGTAGAAACCCGGC-1,7
TATTATGTTTGCCTGC-1,7
TCAAATTTGAGACTCA-1,7
TCAACGAGGAGACAAA-1,7
TCACTCGTGCAACGGC-1,7
TCCGCTTATCCCATTA-1,7
TCGCATAAAGGGCGCA-1,7
TCTTACGGCATCCGAC-1,7
TGCGAATATGGGATTT-1,7
TGCGCGATTAACGGAG-1,7
TGCTGTTGAAGAACTC-1,7
TGGAAACGGAGTGAAC-1,7
TGGGACCATTGGGAGT-1,7
TGTATGGCGCAGACAG-1,7
TGTTCGTATTGCGGTG-1,7
TTACTCTGGTACGTAC-1,7
TTATAGGTAATTGTCT-1,7
TTATGATCTTAACGAA-1,7
TTCGTACTCCAGAACG-1,7
TTCTGACCGGGCTCAA-1,7
TTGAACGAATCCTTTG-1,7
TTGAACGACGTGCTGA-1,7
TTGTGAGGCATGACGC-1,7
AAACCGTTCGTCCAGG-1,8
AAAGGCTCTCGCGCCG-1,8
AACATTGTGACTCGAG-1,8
AACCATAGGGTTGAAC-1,8
AACTTCTGCGTCTATC-1,8
AAGACCAAATAACTCA-1,8
AAGGGAACGACTGGCT-1,8
AATTCATTGTCATGCA-1,8
ACAGCATAGAGCCAGT-1,8
ACATGGCTCAATTTAG-1,8
ACCCTATAGGACTGAG-1,8
ACCCTCCCTTGCTATT-1,8
ACCGTCCACTGGGCCC-1,8
ACGGAATTTAGCAAAT-1,8
ACTTATTTATGTGCCA-1,8
AGAGAAACACCAGAAA-1,8
AGCACACGTTTAGACT-1,8
AGCCCGGCATTAGAGG-1,8
AGCCGTGGCTAAATGT-1,8
AGGGACTCTACGCGAC-1,8
AGGTTCTCCTTTCCGG-1,8
AGTGACTGTGACACAA-1,8
ATACGTCCACTCCTGT-1,8
ATCTGACATGGAAGGA-1,8
ATCTGTAATTGTACCC-1,8
ATGGGTGTATACCTCC-1,8
ATTAATACTACGCGGG-1,8
CAACCGCACCTAGACA-1,8
CAATATTCTTGACCTA-1,8
CACATCGTGCACGCGC-1,8
CAGTGTTAATCTCTCA-1,8
CATACGAACTAGCTGG-1,8
CATCAACACCTACTAA-1,8
CATTATCCCATTAACG-1,8
CATTTGAGTGGTACGT-1,8
CCATGTTCATCTATAT-1,8
CCCGTGAGGGCGGTGA-1,8
CCGATATGACGTAAGG-1,8
CCGATCTCAACCTTAT-1,8
CCGCCGGTCAACACAC-1,8
CCGCCGTTGAGGATAA-1,8
CCTCCTAGCTAGAGTC-1,8
CCTGTCGTGTATGAAG-1,8
CGAAGGGTTTCAGATT-1,8
CGAATGAAGTCATTGC-1,8
CGATAGCGATACAGTG-1,8
CGCACGTCTGTTTATG-1,8
CGCCCTAATTGTTCAA-1,8
CGCTGTGTGGATGTTG-1,8
CGGGAAGTACCGTGGC-1,8
CGGGAGTATACCGCCG-1,8
CGTATTAAGAGATCTA-1,8
CGTGCATTGTCGACGC-1,8
CTCACATTTACTAAAT-1,8
CTCATGGCTCACAATC-1,8
CTCCCTCCTTTCGATC-1,8
CTCGGTTGTCGGCCCT-1,8
CTGTTGTTCAGTCGTA-1,8
CTTCTGGGCGTACCTA-1,8
CTTGCAACCGCCTCCT-1,8
GAAACAGCCATGCAGT-1,8
GACGAGGCTAATAAAC-1,8
GACGCATACCCGTCGG-1,8
GACTGCAAATCGAGCT-1,8
GCAACAGCAGTATGCG-1,8
GCATTGTAATTCATAT-1,8
GCCATCGAGCTGCGTG-1,8
GCCGACCCACGACTGC-1,8
GCCTTTGTCAGTGGAC-1,8
GCGCTATGCCGAGGCA-1,8
GCGGCTCTGACGTACC-1,8
GCTGCTAAGTAGTCGA-1,8
GGACCTCTAGGCCGCC-1,8
GGACTCGTGAGTGGTC-1,8
GGGATGGACCCGCGTC-1,8
GGGCAGGATTTCTGTG-1,8
GGTTACCCGACACTTT-1,8
GGTTTAATTACCATCG-1,8
GTACGACGGCGCTGCG-1,8
GTATCAAACGTTAGCT-1,8
GTCGCCGTTGTGTGTT-1,8
GTGATCAAGCGTGCAC-1,8
GTTTGGCCGCTCAGCG-1,8
TAACCGCCCGCAGTGC-1,8
TAAGCGCGAATCAAAT-1,8
TAAGTAACATCTTGAC-1,8
TAATTAGATGGATATG-1,8
TAATTGCGCTGATTAC-1,8
TACCGGCTCACTGCCC-1,8
TACGCTGCTGTGTTAA-1,8
TACGTACTAGTGCTGA-1,8
TACTCCTCTAGTTGAC-1,8
TACTGAGGGAAGAAAG-1,8
TAGACTCAGTTGGCCT-1,8
TAGGCGATGAGGTCTC-1,8
TAGTACCACAACTTTC-1,8
TATCCTGCATGGGAAT-1,8
TATCTGAGCCGATATT-1,8
TATGATCTTCTCTTTA-1,8
TATGTAAAGTGCTTAA-1,8
TATTAACCTGACCGCG-1,8
TCATTTAAGTCTCCGA-1,8
TCCACAATGGTTTACG-1,8
TCCGCCTGTCTACAAG-1,8
TCTGCAGATTCGAGTC-1,8
TGCCACCTGGCGAAAC-1,8
TGGTCTAGCTTACATG-1,8
TGTCGTTATCACATAT-1,8
TGTTATTGTATGTGGC-1,8
TGTTTCTGAAGCGTGC-1,8
TTAACGTCGCAAGACC-1,8
TTCGGACTGGGCATGG-1,8
TTCTGTTTCCTGTCGC-1,8
TTGAAGGATGGGCGCC-1,8
TTGCACGGAGCAGCAC-1,8
TTGCCGCAGACCTACA-1,8
TTGGTTCGCTCAAAGG-1,8
TTGTTTCACATCCAGG-1,8
AACGCGGTCTCCAGCC-1,9
AACGGCCATCTCCGGT-1,9
AAGCGTCCCTCATCGA-1,9
AATCTAGGTTTACTTG-1,9
AATGATGCGACTCCTG-1,9
AATGGTTCTCACAAGC-1,9
ACAAGGAAATCCGCCC-1,9
ACACTGATCAAGGTGT-1,9
ACATGGCGCCAAAGTA-1,9
ACCAGTGCGGGAGACG-1,9
ACCGCAATAACTGCCT-1,9
ACCTGCGTGTCATGTT-1,9
ACGATGCATATGTTAT-1,9
ACGCGAAGTCAGACGA-1,9
ACGCTAGTGATACACT-1,9
ACGTATTACTCCGATC-1,9
ACTCAAGTGCAAGGCT-1,9
AGAGCGTACAAGCTCG-1,9
AGAGGCTTCGGAAACC-1,9
AGGCCACCCGTTATGA-1,9
AGGGAGACATACTTCG-1,9
AGGGCTGCAGTTACAG-1,9
AGGTTACACCATGCCG-1,9
AGGTTGAGGCACGCTT-1,9
AGTCAACACCACCATC-1,9
AGTCGTGGGCATTACG-1,9
AGTGATTCAAGCAGGA-1,9
AGTTAAACACTTGCGA-1,9
ATACGGAACGTCGTTT-1,9
ATACGGGTTTCGATTG-1,9
ATAGGCGGCTATAGAA-1,9
ATATTTAACCCTCAAG-1,9
ATCAGCTCGTCCACTA-1,9
ATCGTCCAATCGAGTC-1,9
ATGGTCGCGTGGTTTC-1,9
ATTACATGTCAGTCTT-1,9
ATTCCCACATAAACAA-1,9
ATTTGTCTTGGGAGCT-1,9
CACAGTCCCGCTTCGC-1,9
CACCGTATCCCATCCG-1,9
CAGAATATTCGTTATC-1,9
CAGACGAACCTGATAC-1,9
CATGATGCACAATTCT-1,9
CCAATAGTGCCGTCGA-1,9
CCAATTGAATGTTAAT-1,9
CCATCCATACCAAGTC-1,9
CCATGCCTGTTTAGTA-1,9
CCCAGTAAACTTGGGA-1,9
CCGAAGTATATTGTTC-1,9
CCGTATTAGCGCAGTT-1,9
CCGTTCCGAATCTCGG-1,9
CCTTCTTGATCCAGTG-1,9
CGAACAGTATGGGCGT-1,9
CGCCCTTGAAGGCTGA-1,9
CGCGTTCATGAAATAC-1,9
CGGCTCTAAAGCTGCA-1,9
CTAGTTGGGCCCGGTA-1,9
CTCAAGACATTAGCGC-1,9
CTGCACTCCAGTACAG-1,9
CTTAAATAAGACCCAT-1,9
CTTACACGGTATTCCA-1,9
CTTTAGTGCTATTATT-1,9
GAGATGGGAGTCGACA-1,9
GAGCTCTCGGACCTAA-1,9
GAGTAAACCGGAAAGT-1,9
GATCCCTTTATACTGC-1,9
GCACACACTGGTAGCC-1,9
GCGCTCGATCACCTGT-1,9
GCGGTAACCCAAATGA-1,9
GCGGTTCCCTATCATG-1,9
GCGTGGTACTGGGTTA-1,9
GCTAGTTTCATTGAGG-1,9
GCTCGCGGTTCCGCTC-1,9
GGAAACTAAATGGGCC-1,9
GGAAAGTGCCCATGCC-1,9
GGATCTTGACTCAACC-1,9
GGCTCGTGCCACCAGC-1,9
GGGTTTAGGATAGGAT-1,9
GGTACAAACATGCTAT-1,9
GTAAGCGGGCAGTCAG-1,9
GTACACTTACCTGAAG-1,9
GTCCTATTGTTGTGGT-1,9
GTCGTACCTACGATTG-1,9
GTCTGGGCGGTCGAGA-1,9
GTCTTGAGGAGCAGTG-1,9
GTGCGACAGGGAGTGT-1,9
GTTACAATTGGTGACG-1,9
GTTCGCTGAGACGTCT-1,9
TAAGGCTGAATCCCTC-1,9
TACAGAAACGGTGGGC-1,9
TACCAGAAGTAGGTTC-1,9
TACGACGCTTGCTGCG-1,9
TACGGCATGGACGCTA-1,9
TAGACTACCTAGCGTT-1,9
TAGATTCCTGGTTATT-1,9
TCAAGGTTACTACACC-1,9
TCACAGGAGAATAAGA-1,9
TCACCGCTCGGCACTC-1,9
TCAGCAAATGCATCTC-1,9
TCAGGGCGCAAACTCG-1,9
TCCATCAATACTAATC-1,9
TCCCAGGCTTAGCTAA-1,9
TCCCTAGATCAATAGG-1,9
TCTCCAACGTAGGTTA-1,9
TGGAGTGATGCGATGA-1,9
TGGCAAACTAAATTAC-1,9
TGGCGATCAAGTTATG-1,9
TGGTAGAATATATGGG-1,9
TGTGAGACTAGCCCAA-1,9
TTACACGATCTGCGAC-1,9
TTACTGGGATATTTCA-1,9
TTATATACGCTGTCAC-1,9
TTATCGCCTGCGAAGC-1,9
TTCGGCTAGAGATGGT-1,9
TTGACAGGAGCTCCCG-1,9
TTGATTAGCTGTTTCT-1,9
TTGCACAATTCAGAAA-1,9
TTGGGACACTGCCCGC-1,9
CAAGATATTATAACGT-1,10
CCAGCTGATGGTACTT-1,10
